url,intended_source,local_file_present,reachable_from_home,incoming_internal_links,sample_sources,status
https://senseisandy.com,local+self_sitemap,yes,yes,622,/|/6weekgrandslam|/adult|/adult-bjj|/after-school|/ankle-lock,pass
https://senseisandy.com/6weekgrandslam,local_self_canonical,yes,no,0,,fail
https://senseisandy.com/adult,local_self_canonical,yes,no,2,/blackbelttrack|/privates,fail
https://senseisandy.com/adult-bjj,local+self_sitemap,yes,yes,624,/|/6weekgrandslam|/adult|/adult-bjj|/adults|/after-school,pass
https://senseisandy.com/after-school,local+self_sitemap,yes,yes,5,/blog/how-to-fall-safely-bjj-breakfalls|/blog/hunter-elementary-tuesday-drop-off-bjj|/lane-picker|/site-shell|/winter-compliance-protocol,pass
https://senseisandy.com/antibully,local_self_canonical,yes,no,0,,fail
https://senseisandy.com/apres-ski-jiu-jitsu,local+self_sitemap,yes,yes,2,/blog/after-school-jiu-jitsu|/half-day-jiu-jitsu-hour,pass
https://senseisandy.com/archive/curriculum,local_self_canonical,yes,no,0,,fail
https://senseisandy.com/bio,local+self_sitemap,yes,yes,611,/|/6weekgrandslam|/adult|/adult-bjj|/adults|/after-school,pass
https://senseisandy.com/bjj-anatomy-quiz,local_self_canonical,yes,no,0,,fail
https://senseisandy.com/bjj-classes-tannersville-ny,local_self_canonical,yes,yes,5,/curriculum|/directions|/faqs|/report-card|/tannersville-ny-jiu-jitsu,pass
https://senseisandy.com/bjj-faqs,local+self_sitemap,yes,yes,613,/|/6weekgrandslam|/adult|/adult-bjj|/adults|/after-school,pass
https://senseisandy.com/bjj-glossary,local+self_sitemap,yes,yes,618,/|/6weekgrandslam|/adult|/adult-bjj|/adults|/after-school,pass
https://senseisandy.com/bjj-glossary/ankle-lock,local+self_sitemap,yes,yes,7,/bjj-glossary|/bjj-glossary/k-guard|/bjj-glossary/knee-line|/bjj-glossary/leg-entanglement|/k-guard|/knee-line,pass
https://senseisandy.com/bjj-glossary/ankle-pick,local+self_sitemap,yes,yes,3,/bjj-glossary|/bjj-glossary/updates|/updates,pass
https://senseisandy.com/bjj-glossary/arm-drag,local+self_sitemap,yes,yes,17,/back-take|/bjj-glossary|/bjj-glossary/back-take|/bjj-glossary/butterfly-hook|/bjj-glossary/butterfly-sweep|/bjj-glossary/hand-fighting,pass
https://senseisandy.com/bjj-glossary/armbar,local+self_sitemap,yes,yes,21,/bjj-glossary|/bjj-glossary/closed-guard|/bjj-glossary/flower-sweep|/bjj-glossary/kimura|/bjj-glossary/mount|/bjj-glossary/posture,pass
https://senseisandy.com/bjj-glossary/back-control,local+self_sitemap,yes,yes,25,/arm-drag|/back-defense|/back-take|/bjj-glossary|/bjj-glossary/arm-drag|/bjj-glossary/back-defense,pass
https://senseisandy.com/bjj-glossary/back-defense,local+self_sitemap,yes,yes,7,/bjj-glossary|/bjj-glossary/granby-roll|/bjj-glossary/seatbelt-escape|/bjj-glossary/updates|/granby-roll|/seatbelt-escape,pass
https://senseisandy.com/bjj-glossary/back-take,local+self_sitemap,yes,yes,17,/bjj-glossary|/bjj-glossary/chest-to-back|/bjj-glossary/go-behind|/bjj-glossary/go-behind-defense|/bjj-glossary/hooks|/bjj-glossary/rear-naked-choke,pass
https://senseisandy.com/bjj-glossary/backstep-pass,local+self_sitemap,yes,yes,3,/bjj-glossary|/bjj-glossary/updates|/updates,pass
https://senseisandy.com/bjj-glossary/base,local+self_sitemap,yes,yes,26,/bjj-glossary|/bjj-glossary/butterfly-guard|/bjj-glossary/hip-heist|/bjj-glossary/off-balance|/bjj-glossary/posture|/bjj-glossary/scramble,pass
https://senseisandy.com/bjj-glossary/beginner-lane,local+self_sitemap,yes,yes,5,/bjj-glossary|/bjj-glossary/tap|/bjj-glossary/updates|/tap|/updates,pass
https://senseisandy.com/bjj-glossary/body-lock,local+self_sitemap,yes,yes,19,/bjj-glossary|/bjj-glossary/body-lock-pass|/bjj-glossary/clinch|/bjj-glossary/head-position|/bjj-glossary/inside-position|/bjj-glossary/inside-trip,pass
https://senseisandy.com/bjj-glossary/body-lock-pass,local+self_sitemap,yes,yes,1,/bjj-glossary,pass
https://senseisandy.com/bjj-glossary/bottom-position,local_self_canonical,yes,no,4,/bjj-glossary/position|/bjj-glossary/sweep-single|/position|/sweep-single,fail
https://senseisandy.com/bjj-glossary/bridge,local+self_sitemap,yes,yes,9,/bjj-glossary|/bjj-glossary/elbow-knee-escape|/bjj-glossary/hip-escape|/bjj-glossary/mount|/bjj-glossary/upa-escape|/elbow-knee-escape,pass
https://senseisandy.com/bjj-glossary/bully-proof,local+self_sitemap,yes,yes,3,/bjj-glossary|/bjj-glossary/updates|/updates,pass
https://senseisandy.com/bjj-glossary/butterfly-guard,local+self_sitemap,yes,yes,7,/base|/bjj-glossary|/bjj-glossary/base|/bjj-glossary/hooks|/bjj-glossary/open-guard|/hooks,pass
https://senseisandy.com/bjj-glossary/butterfly-hook,local+self_sitemap,yes,yes,9,/bjj-glossary|/bjj-glossary/butterfly-sweep|/bjj-glossary/hooks|/bjj-glossary/rear-naked-choke|/bjj-glossary/seated-guard|/butterfly-sweep,pass
https://senseisandy.com/bjj-glossary/butterfly-sweep,local+self_sitemap,yes,yes,3,/bjj-glossary|/bjj-glossary/waiter-sweep|/waiter-sweep,pass
https://senseisandy.com/bjj-glossary/chest-to-back,local+self_sitemap,yes,yes,5,/bjj-glossary|/bjj-glossary/seatbelt-escape|/bjj-glossary/top-ride|/seatbelt-escape|/top-ride,pass
https://senseisandy.com/bjj-glossary/chest-to-chest,local+self_sitemap,yes,yes,9,/bjj-glossary|/bjj-glossary/body-lock-pass|/bjj-glossary/crossface-pressure|/bjj-glossary/pressure|/bjj-glossary/shoulder-pressure|/body-lock-pass,pass
https://senseisandy.com/bjj-glossary/choke,local_self_canonical,yes,no,0,,fail
https://senseisandy.com/bjj-glossary/clinch,local+self_sitemap,yes,yes,1,/bjj-glossary,pass
https://senseisandy.com/bjj-glossary/closed-guard,local+self_sitemap,yes,yes,27,/armbar|/bjj-glossary|/bjj-glossary/armbar|/bjj-glossary/closed-guard-break|/bjj-glossary/collar-grip|/bjj-glossary/cross-collar-choke,pass
https://senseisandy.com/bjj-glossary/closed-guard-break,local+self_sitemap,yes,yes,1,/bjj-glossary,pass
https://senseisandy.com/bjj-glossary/collar-grip,local+self_sitemap,yes,yes,13,/bjj-glossary|/bjj-glossary/cross-collar-choke|/bjj-glossary/grip|/bjj-glossary/lapel-grip|/bjj-glossary/posture-break|/bjj-glossary/sickle-sweep,pass
https://senseisandy.com/bjj-glossary/collar-tie,local+self_sitemap,yes,yes,15,/ankle-pick|/bjj-glossary|/bjj-glossary/ankle-pick|/bjj-glossary/clinch|/bjj-glossary/hand-fighting|/bjj-glossary/head-line,pass
https://senseisandy.com/bjj-glossary/control,local+self_sitemap,yes,yes,56,/ankle-lock|/beginner-lane|/bjj-glossary|/bjj-glossary/ankle-lock|/bjj-glossary/beginner-lane|/bjj-glossary/body-lock,pass
https://senseisandy.com/bjj-glossary/cross-collar-choke,local+self_sitemap,yes,yes,3,/bjj-glossary|/bjj-glossary/lapel-grip|/lapel-grip,pass
https://senseisandy.com/bjj-glossary/crossface,local+self_sitemap,yes,yes,11,/bjj-glossary|/bjj-glossary/chest-to-chest|/bjj-glossary/crossface-pressure|/bjj-glossary/head-line|/bjj-glossary/pressure|/bjj-glossary/shoulder-pressure,pass
https://senseisandy.com/bjj-glossary/crossface-defense,local+self_sitemap,yes,yes,3,/bjj-glossary|/bjj-glossary/knee-shield|/knee-shield,pass
https://senseisandy.com/bjj-glossary/crossface-pressure,local+self_sitemap,yes,yes,3,/bjj-glossary|/bjj-glossary/knee-slide|/knee-slide,pass
https://senseisandy.com/bjj-glossary/de-la-riva,local+self_sitemap,yes,yes,7,/bjj-glossary|/bjj-glossary/k-guard|/bjj-glossary/reverse-de-la-riva|/bjj-glossary/waiter-sweep|/k-guard|/reverse-de-la-riva,pass
https://senseisandy.com/bjj-glossary/dominant-position,local+self_sitemap,yes,yes,17,/bjj-glossary|/bjj-glossary/control|/bjj-glossary/neutral-position|/bjj-glossary/pin|/bjj-glossary/seatbelt|/bjj-glossary/sprawl,pass
https://senseisandy.com/bjj-glossary/double-leg,local+self_sitemap,yes,yes,17,/bjj-glossary|/bjj-glossary/double-leg-defense|/bjj-glossary/level-change|/bjj-glossary/penetration-step|/bjj-glossary/re-shot|/bjj-glossary/shot-entry,pass
https://senseisandy.com/bjj-glossary/double-leg-defense,local+self_sitemap,yes,yes,1,/bjj-glossary,pass
https://senseisandy.com/bjj-glossary/drilling,local_self_canonical,yes,no,4,/bjj-glossary/open-mat|/bjj-glossary/roll|/open-mat|/roll,fail
https://senseisandy.com/bjj-glossary/elbow-knee-escape,local+self_sitemap,yes,yes,3,/bjj-glossary|/bjj-glossary/escape|/escape,pass
https://senseisandy.com/bjj-glossary/escape,local+self_sitemap,yes,yes,10,/bjj-glossary|/bjj-glossary/bottom-position|/bjj-glossary/bully-proof|/bjj-glossary/position|/bjj-glossary/roll|/bjj-glossary/safety,pass
https://senseisandy.com/bjj-glossary/flower-sweep,local+self_sitemap,yes,yes,1,/bjj-glossary,pass
https://senseisandy.com/bjj-glossary/frame,local+self_sitemap,yes,yes,31,/beginner-lane|/bjj-glossary|/bjj-glossary/beginner-lane|/bjj-glossary/bully-proof|/bjj-glossary/escape|/bjj-glossary/guard,pass
https://senseisandy.com/bjj-glossary/frame-recovery,local+self_sitemap,yes,yes,9,/bjj-glossary|/bjj-glossary/crossface-defense|/bjj-glossary/guard-recovery|/bjj-glossary/hip-escape|/bjj-glossary/torreando-defense|/crossface-defense,pass
https://senseisandy.com/bjj-glossary/frames,local_self_canonical,yes,no,2,/bjj-glossary/bottom-position|/bottom-position,fail
https://senseisandy.com/bjj-glossary/front-headlock,local+self_sitemap,yes,yes,31,/back-take|/bjj-glossary|/bjj-glossary/back-take|/bjj-glossary/collar-tie|/bjj-glossary/double-leg-defense|/bjj-glossary/front-headlock-escape,pass
https://senseisandy.com/bjj-glossary/front-headlock-escape,local_self_canonical,yes,no,0,,fail
https://senseisandy.com/bjj-glossary/front-headlock-series,local_self_canonical,yes,no,0,,fail
https://senseisandy.com/bjj-glossary/gi,local+self_sitemap,yes,yes,13,/bjj-glossary|/bjj-glossary/collar-grip|/bjj-glossary/cross-collar-choke|/bjj-glossary/grip|/bjj-glossary/lapel-grip|/bjj-glossary/no-gi,pass
https://senseisandy.com/bjj-glossary/go-behind,local+self_sitemap,yes,yes,9,/bjj-glossary|/bjj-glossary/front-headlock-series|/bjj-glossary/go-behind-defense|/bjj-glossary/scramble|/bjj-glossary/spin-behind|/front-headlock-series,pass
https://senseisandy.com/bjj-glossary/go-behind-defense,local+self_sitemap,yes,yes,1,/bjj-glossary,pass
https://senseisandy.com/bjj-glossary/granby-roll,local+self_sitemap,yes,yes,1,/bjj-glossary,pass
https://senseisandy.com/bjj-glossary/grip,local+self_sitemap,yes,yes,41,/bjj-glossary|/bjj-glossary/bottom-position|/bjj-glossary/choke|/bjj-glossary/collar-grip|/bjj-glossary/drilling|/bjj-glossary/frames,pass
https://senseisandy.com/bjj-glossary/grip-fighting,local+self_sitemap,yes,yes,23,/arm-drag|/bjj-glossary|/bjj-glossary/arm-drag|/bjj-glossary/collar-tie|/bjj-glossary/grip|/bjj-glossary/neutral-position,pass
https://senseisandy.com/bjj-glossary/guard,local+self_sitemap,yes,yes,105,/armbar|/back-control|/bjj-glossary|/bjj-glossary/armbar|/bjj-glossary/back-control|/bjj-glossary/bottom-position,pass
https://senseisandy.com/bjj-glossary/guard-pass,local+self_sitemap,yes,yes,19,/backstep-pass|/bjj-glossary|/bjj-glossary/backstep-pass|/bjj-glossary/body-lock-pass|/bjj-glossary/crossface-pressure|/bjj-glossary/heavy-hips,pass
https://senseisandy.com/bjj-glossary/guard-pull,local+self_sitemap,yes,yes,3,/bjj-glossary|/bjj-glossary/seated-guard|/seated-guard,pass
https://senseisandy.com/bjj-glossary/guard-recovery,local+self_sitemap,yes,yes,31,/back-defense|/bjj-glossary|/bjj-glossary/back-defense|/bjj-glossary/crossface-defense|/bjj-glossary/elbow-knee-escape|/bjj-glossary/escape,pass
https://senseisandy.com/bjj-glossary/guard-retention,local+self_sitemap,yes,yes,13,/bjj-glossary|/bjj-glossary/de-la-riva|/bjj-glossary/drilling|/bjj-glossary/quarter-guard|/bjj-glossary/re-guard|/bjj-glossary/reverse-de-la-riva,pass
https://senseisandy.com/bjj-glossary/guillotine,local+self_sitemap,yes,yes,7,/back-control|/bjj-glossary|/bjj-glossary/back-control|/bjj-glossary/no-gi|/bjj-glossary/rear-naked-choke|/no-gi,pass
https://senseisandy.com/bjj-glossary/half-guard,local+self_sitemap,yes,yes,19,/bjj-glossary|/bjj-glossary/crossface|/bjj-glossary/crossface-defense|/bjj-glossary/elbow-knee-escape|/bjj-glossary/guard|/bjj-glossary/knee-cut,pass
https://senseisandy.com/bjj-glossary/hand-fighting,local+self_sitemap,yes,yes,3,/bjj-glossary|/bjj-glossary/inside-tie|/inside-tie,pass
https://senseisandy.com/bjj-glossary/head-line,local+self_sitemap,yes,yes,1,/bjj-glossary,pass
https://senseisandy.com/bjj-glossary/head-position,local+self_sitemap,yes,yes,41,/ankle-pick|/bjj-glossary|/bjj-glossary/ankle-pick|/bjj-glossary/body-lock|/bjj-glossary/collar-tie|/bjj-glossary/crossface-defense,pass
https://senseisandy.com/bjj-glossary/heavy-hips,local+self_sitemap,yes,yes,3,/bjj-glossary|/bjj-glossary/body-lock-pass|/body-lock-pass,pass
https://senseisandy.com/bjj-glossary/hip-escape,local+self_sitemap,yes,yes,27,/bjj-glossary|/bjj-glossary/elbow-knee-escape|/bjj-glossary/escape|/bjj-glossary/frame|/bjj-glossary/frame-recovery|/bjj-glossary/guard-recovery,pass
https://senseisandy.com/bjj-glossary/hip-heist,local+self_sitemap,yes,yes,1,/bjj-glossary,pass
https://senseisandy.com/bjj-glossary/hooks,local+self_sitemap,yes,yes,3,/bjj-glossary|/bjj-glossary/chest-to-back|/chest-to-back,pass
https://senseisandy.com/bjj-glossary/inside-position,local+self_sitemap,yes,yes,21,/ankle-lock|/arm-drag|/bjj-glossary|/bjj-glossary/ankle-lock|/bjj-glossary/arm-drag|/bjj-glossary/body-lock,pass
https://senseisandy.com/bjj-glossary/inside-tie,local+self_sitemap,yes,yes,5,/bjj-glossary|/bjj-glossary/clinch|/bjj-glossary/inside-trip|/clinch|/inside-trip,pass
https://senseisandy.com/bjj-glossary/inside-trip,local+self_sitemap,yes,yes,5,/bjj-glossary|/bjj-glossary/off-balance|/bjj-glossary/outside-trip|/off-balance|/outside-trip,pass
https://senseisandy.com/bjj-glossary/inversion,local+self_sitemap,yes,yes,5,/bjj-glossary|/bjj-glossary/granby-roll|/bjj-glossary/reverse-de-la-riva|/granby-roll|/reverse-de-la-riva,pass
https://senseisandy.com/bjj-glossary/jiu-jitsu,local+self_sitemap,yes,yes,1,/bjj-glossary,pass
https://senseisandy.com/bjj-glossary/k-guard,local+self_sitemap,yes,yes,7,/bjj-glossary|/bjj-glossary/de-la-riva|/bjj-glossary/reverse-de-la-riva|/bjj-glossary/waiter-sweep|/de-la-riva|/reverse-de-la-riva,pass
https://senseisandy.com/bjj-glossary/kimura,local+self_sitemap,yes,yes,3,/bjj-glossary|/bjj-glossary/submission|/submission,pass
https://senseisandy.com/bjj-glossary/knee-cut,local+self_sitemap,yes,yes,11,/bjj-glossary|/bjj-glossary/guard-pass|/bjj-glossary/knee-slide|/bjj-glossary/open-guard-pass|/bjj-glossary/quarter-guard|/bjj-glossary/torreando,pass
https://senseisandy.com/bjj-glossary/knee-line,local+self_sitemap,yes,yes,7,/ankle-lock|/bjj-glossary|/bjj-glossary/ankle-lock|/bjj-glossary/leg-entanglement|/bjj-glossary/x-guard|/leg-entanglement,pass
https://senseisandy.com/bjj-glossary/knee-shield,local+self_sitemap,yes,yes,5,/bjj-glossary|/bjj-glossary/frames|/bjj-glossary/z-guard|/frames|/z-guard,pass
https://senseisandy.com/bjj-glossary/knee-slide,local+self_sitemap,yes,yes,1,/bjj-glossary,pass
https://senseisandy.com/bjj-glossary/lapel-grip,local+self_sitemap,yes,yes,3,/bjj-glossary|/bjj-glossary/posture-break|/posture-break,pass
https://senseisandy.com/bjj-glossary/leg-drag,local+self_sitemap,yes,yes,11,/backstep-pass|/bjj-glossary|/bjj-glossary/backstep-pass|/bjj-glossary/long-step|/bjj-glossary/mount-transition|/bjj-glossary/reverse-de-la-riva,pass
https://senseisandy.com/bjj-glossary/leg-entanglement,local+self_sitemap,yes,yes,9,/ankle-lock|/bjj-glossary|/bjj-glossary/ankle-lock|/bjj-glossary/k-guard|/bjj-glossary/knee-line|/bjj-glossary/x-guard,pass
https://senseisandy.com/bjj-glossary/level-change,local+self_sitemap,yes,yes,9,/bjj-glossary|/bjj-glossary/double-leg-defense|/bjj-glossary/penetration-step|/bjj-glossary/re-shot|/bjj-glossary/shot-entry|/double-leg-defense,pass
https://senseisandy.com/bjj-glossary/long-step,local+self_sitemap,yes,yes,7,/backstep-pass|/bjj-glossary|/bjj-glossary/backstep-pass|/bjj-glossary/leg-drag|/bjj-glossary/windshield-wiper|/leg-drag,pass
https://senseisandy.com/bjj-glossary/mat-return,local+self_sitemap,yes,yes,3,/bjj-glossary|/bjj-glossary/top-ride|/top-ride,pass
https://senseisandy.com/bjj-glossary/mount,local+self_sitemap,yes,yes,31,/armbar|/back-control|/base|/bjj-glossary|/bjj-glossary/armbar|/bjj-glossary/back-control,pass
https://senseisandy.com/bjj-glossary/mount-transition,local+self_sitemap,yes,yes,7,/bjj-glossary|/bjj-glossary/heavy-hips|/bjj-glossary/knee-slide|/bjj-glossary/windshield-wiper|/heavy-hips|/knee-slide,pass
https://senseisandy.com/bjj-glossary/neutral-position,local+self_sitemap,yes,yes,15,/bjj-glossary|/bjj-glossary/double-leg|/bjj-glossary/inside-position|/bjj-glossary/pummel|/bjj-glossary/single-leg|/bjj-glossary/sprawl,pass
https://senseisandy.com/bjj-glossary/no-gi,local+self_sitemap,yes,yes,7,/bjj-glossary|/bjj-glossary/gi|/bjj-glossary/grip-fighting|/bjj-glossary/guillotine|/gi|/grip-fighting,pass
https://senseisandy.com/bjj-glossary/north-south,local+self_sitemap,yes,yes,3,/bjj-glossary|/bjj-glossary/kimura|/kimura,pass
https://senseisandy.com/bjj-glossary/off-balance,local+self_sitemap,yes,yes,11,/bjj-glossary|/bjj-glossary/de-la-riva|/bjj-glossary/inside-trip|/bjj-glossary/k-guard|/bjj-glossary/outside-trip|/bjj-glossary/waiter-sweep,pass
https://senseisandy.com/bjj-glossary/open-guard,local+self_sitemap,yes,yes,13,/bjj-glossary|/bjj-glossary/butterfly-guard|/bjj-glossary/de-la-riva|/bjj-glossary/guard-retention|/bjj-glossary/k-guard|/bjj-glossary/re-guard,pass
https://senseisandy.com/bjj-glossary/open-guard-pass,local+self_sitemap,yes,yes,11,/backstep-pass|/bjj-glossary|/bjj-glossary/backstep-pass|/bjj-glossary/guard-pass|/bjj-glossary/leg-drag|/bjj-glossary/long-step,pass
https://senseisandy.com/bjj-glossary/open-mat,local_self_canonical,yes,no,4,/bjj-glossary/drilling|/bjj-glossary/roll|/drilling|/roll,fail
https://senseisandy.com/bjj-glossary/outside-trip,local+self_sitemap,yes,yes,5,/bjj-glossary|/bjj-glossary/inside-trip|/bjj-glossary/off-balance|/inside-trip|/off-balance,pass
https://senseisandy.com/bjj-glossary/overhook,local+self_sitemap,yes,yes,9,/bjj-glossary|/bjj-glossary/outside-trip|/bjj-glossary/pummel|/bjj-glossary/whizzer|/bjj-glossary/whizzer-defense|/outside-trip,pass
https://senseisandy.com/bjj-glossary/penetration-step,local+self_sitemap,yes,yes,5,/bjj-glossary|/bjj-glossary/level-change|/bjj-glossary/shot-entry|/level-change|/shot-entry,pass
https://senseisandy.com/bjj-glossary/pin,local+self_sitemap,yes,yes,19,/bjj-glossary|/bjj-glossary/chest-to-chest|/bjj-glossary/control|/bjj-glossary/crossface|/bjj-glossary/dominant-position|/bjj-glossary/knee-cut,pass
https://senseisandy.com/bjj-glossary/pin-escape,local+self_sitemap,yes,yes,1,/bjj-glossary,pass
https://senseisandy.com/bjj-glossary/position,local_self_canonical,yes,no,0,,fail
https://senseisandy.com/bjj-glossary/posture,local+self_sitemap,yes,yes,8,/base|/bjj-glossary|/bjj-glossary/base|/bjj-glossary/closed-guard|/bjj-glossary/updates|/bjj-videos,pass
https://senseisandy.com/bjj-glossary/posture-break,local+self_sitemap,yes,yes,5,/bjj-glossary|/bjj-glossary/lapel-grip|/bjj-glossary/wrist-control|/lapel-grip|/wrist-control,pass
https://senseisandy.com/bjj-glossary/posture-recovery,local+self_sitemap,yes,yes,3,/bjj-glossary|/bjj-glossary/front-headlock-escape|/front-headlock-escape,pass
https://senseisandy.com/bjj-glossary/pressure,local+self_sitemap,yes,yes,9,/bjj-glossary|/bjj-glossary/body-lock-pass|/bjj-glossary/chest-to-chest|/bjj-glossary/heavy-hips|/bjj-glossary/shoulder-pressure|/body-lock-pass,pass
https://senseisandy.com/bjj-glossary/pummel,local+self_sitemap,yes,yes,17,/bjj-glossary|/bjj-glossary/body-lock|/bjj-glossary/clinch|/bjj-glossary/hand-fighting|/bjj-glossary/inside-position|/bjj-glossary/inside-tie,pass
https://senseisandy.com/bjj-glossary/quarter-guard,local+self_sitemap,yes,yes,1,/bjj-glossary,pass
https://senseisandy.com/bjj-glossary/re-guard,local+self_sitemap,yes,yes,1,/bjj-glossary,pass
https://senseisandy.com/bjj-glossary/re-shot,local+self_sitemap,yes,yes,1,/bjj-glossary,pass
https://senseisandy.com/bjj-glossary/rear-naked-choke,local+self_sitemap,yes,yes,11,/back-defense|/back-take|/bjj-glossary|/bjj-glossary/back-defense|/bjj-glossary/back-take|/bjj-glossary/chest-to-back,pass
https://senseisandy.com/bjj-glossary/reverse-de-la-riva,local+self_sitemap,yes,yes,5,/bjj-glossary|/bjj-glossary/de-la-riva|/bjj-glossary/k-guard|/de-la-riva|/k-guard,pass
https://senseisandy.com/bjj-glossary/roll,local_self_canonical,yes,no,4,/bjj-glossary/drilling|/bjj-glossary/open-mat|/drilling|/open-mat,fail
https://senseisandy.com/bjj-glossary/safety,local+self_sitemap,yes,yes,9,/beginner-lane|/bjj-glossary|/bjj-glossary/beginner-lane|/bjj-glossary/bully-proof|/bjj-glossary/tap|/bjj-glossary/updates,pass
https://senseisandy.com/bjj-glossary/scissor-sweep,local+self_sitemap,yes,yes,1,/bjj-glossary,pass
https://senseisandy.com/bjj-glossary/scramble,local+self_sitemap,yes,yes,19,/bjj-glossary|/bjj-glossary/go-behind|/bjj-glossary/go-behind-defense|/bjj-glossary/granby-roll|/bjj-glossary/hip-heist|/bjj-glossary/mat-return,pass
https://senseisandy.com/bjj-glossary/seatbelt,local+self_sitemap,yes,yes,13,/back-defense|/back-take|/bjj-glossary|/bjj-glossary/back-defense|/bjj-glossary/back-take|/bjj-glossary/chest-to-back,pass
https://senseisandy.com/bjj-glossary/seatbelt-escape,local+self_sitemap,yes,yes,3,/back-defense|/bjj-glossary|/bjj-glossary/back-defense,pass
https://senseisandy.com/bjj-glossary/seated-guard,local+self_sitemap,yes,yes,13,/bjj-glossary|/bjj-glossary/butterfly-hook|/bjj-glossary/butterfly-sweep|/bjj-glossary/guard-pull|/bjj-glossary/open-guard-pass|/bjj-glossary/technical-stand-up,pass
https://senseisandy.com/bjj-glossary/shot-entry,local+self_sitemap,yes,yes,9,/bjj-glossary|/bjj-glossary/double-leg-defense|/bjj-glossary/level-change|/bjj-glossary/penetration-step|/bjj-glossary/re-shot|/double-leg-defense,pass
https://senseisandy.com/bjj-glossary/shoulder-pressure,local+self_sitemap,yes,yes,5,/bjj-glossary|/bjj-glossary/crossface-pressure|/bjj-glossary/head-line|/crossface-pressure|/head-line,pass
https://senseisandy.com/bjj-glossary/shrimp,local+self_sitemap,yes,yes,49,/bjj-glossary|/bjj-glossary/bottom-position|/bjj-glossary/bridge|/bjj-glossary/choke|/bjj-glossary/drilling|/bjj-glossary/frame,pass
https://senseisandy.com/bjj-glossary/sickle-sweep,local+self_sitemap,yes,yes,1,/bjj-glossary,pass
https://senseisandy.com/bjj-glossary/side-control,local+self_sitemap,yes,yes,67,/back-control|/backstep-pass|/bjj-glossary|/bjj-glossary/back-control|/bjj-glossary/backstep-pass|/bjj-glossary/body-lock-pass,pass
https://senseisandy.com/bjj-glossary/single-leg,local+self_sitemap,yes,yes,21,/bjj-glossary|/bjj-glossary/double-leg|/bjj-glossary/level-change|/bjj-glossary/penetration-step|/bjj-glossary/re-shot|/bjj-glossary/shot-entry,pass
https://senseisandy.com/bjj-glossary/single-leg-defense,local+self_sitemap,yes,yes,3,/bjj-glossary|/bjj-glossary/whizzer-defense|/whizzer-defense,pass
https://senseisandy.com/bjj-glossary/sleeve-grip,local+self_sitemap,yes,yes,7,/bjj-glossary|/bjj-glossary/collar-grip|/bjj-glossary/lapel-grip|/bjj-glossary/sickle-sweep|/collar-grip|/lapel-grip,pass
https://senseisandy.com/bjj-glossary/snap-down,local+self_sitemap,yes,yes,11,/ankle-pick|/bjj-glossary|/bjj-glossary/ankle-pick|/bjj-glossary/collar-tie|/bjj-glossary/front-headlock|/bjj-glossary/front-headlock-series,pass
https://senseisandy.com/bjj-glossary/snap-down-defense,local_self_canonical,yes,no,0,,fail
https://senseisandy.com/bjj-glossary/spin-behind,local+self_sitemap,yes,yes,3,/bjj-glossary|/bjj-glossary/front-headlock-series|/front-headlock-series,pass
https://senseisandy.com/bjj-glossary/sprawl,local+self_sitemap,yes,yes,19,/bjj-glossary|/bjj-glossary/double-leg|/bjj-glossary/front-headlock|/bjj-glossary/front-headlock-escape|/bjj-glossary/head-position|/bjj-glossary/single-leg,pass
https://senseisandy.com/bjj-glossary/sprawl-defense,local+self_sitemap,yes,yes,11,/bjj-glossary|/bjj-glossary/double-leg-defense|/bjj-glossary/heavy-hips|/bjj-glossary/re-shot|/bjj-glossary/single-leg-defense|/bjj-glossary/spin-behind,pass
https://senseisandy.com/bjj-glossary/submission,local+self_sitemap,yes,yes,11,/bjj-glossary|/bjj-glossary/choke|/bjj-glossary/jiu-jitsu|/bjj-glossary/position|/bjj-glossary/tap|/bjj-glossary/triangle,pass
https://senseisandy.com/bjj-glossary/sweep,local+self_sitemap,yes,yes,45,/base|/bjj-glossary|/bjj-glossary/base|/bjj-glossary/bridge|/bjj-glossary/butterfly-guard|/bjj-glossary/butterfly-hook,pass
https://senseisandy.com/bjj-glossary/sweep-single,local_self_canonical,yes,no,0,,fail
https://senseisandy.com/bjj-glossary/takedown,local+self_sitemap,yes,yes,41,/ankle-pick|/arm-drag|/bjj-glossary|/bjj-glossary/ankle-pick|/bjj-glossary/arm-drag|/bjj-glossary/body-lock,pass
https://senseisandy.com/bjj-glossary/takedown-defense,local+self_sitemap,yes,yes,5,/bjj-glossary|/bjj-glossary/single-leg-defense|/bjj-glossary/whizzer|/single-leg-defense|/whizzer,pass
https://senseisandy.com/bjj-glossary/tap,local+self_sitemap,yes,yes,37,/armbar|/back-control|/beginner-lane|/bjj-glossary|/bjj-glossary/armbar|/bjj-glossary/back-control,pass
https://senseisandy.com/bjj-glossary/technical-stand-up,local+self_sitemap,yes,yes,13,/bjj-glossary|/bjj-glossary/hip-heist|/bjj-glossary/scramble|/bjj-glossary/seated-guard|/bjj-glossary/tripod-sweep|/bjj-glossary/turtle,pass
https://senseisandy.com/bjj-glossary/top-position,local+self_sitemap,yes,yes,35,/backstep-pass|/bjj-glossary|/bjj-glossary/backstep-pass|/bjj-glossary/bottom-position|/bjj-glossary/chest-to-chest|/bjj-glossary/guard-pass,pass
https://senseisandy.com/bjj-glossary/top-ride,local+self_sitemap,yes,yes,1,/bjj-glossary,pass
https://senseisandy.com/bjj-glossary/torreando,local+self_sitemap,yes,yes,11,/bjj-glossary|/bjj-glossary/guard-pass|/bjj-glossary/knee-cut|/bjj-glossary/long-step|/bjj-glossary/open-guard-pass|/bjj-glossary/torreando-defense,pass
https://senseisandy.com/bjj-glossary/torreando-defense,local+self_sitemap,yes,yes,3,/bjj-glossary|/bjj-glossary/guard-retention|/guard-retention,pass
https://senseisandy.com/bjj-glossary/transition,local+self_sitemap,yes,yes,25,/arm-drag|/bjj-glossary|/bjj-glossary/arm-drag|/bjj-glossary/closed-guard-break|/bjj-glossary/control|/bjj-glossary/go-behind,pass
https://senseisandy.com/bjj-glossary/triangle,local+self_sitemap,yes,yes,15,/armbar|/bjj-glossary|/bjj-glossary/armbar|/bjj-glossary/choke|/bjj-glossary/closed-guard|/bjj-glossary/guard,pass
https://senseisandy.com/bjj-glossary/tripod-sweep,local+self_sitemap,yes,yes,3,/bjj-glossary|/bjj-glossary/sickle-sweep|/sickle-sweep,pass
https://senseisandy.com/bjj-glossary/turtle,local+self_sitemap,yes,yes,15,/bjj-glossary|/bjj-glossary/go-behind|/bjj-glossary/go-behind-defense|/bjj-glossary/granby-roll|/bjj-glossary/hip-heist|/bjj-glossary/scramble,pass
https://senseisandy.com/bjj-glossary/underhook,local+self_sitemap,yes,yes,17,/bjj-glossary|/bjj-glossary/butterfly-guard|/bjj-glossary/collar-tie|/bjj-glossary/knee-shield|/bjj-glossary/outside-trip|/bjj-glossary/side-control,pass
https://senseisandy.com/bjj-glossary/upa-escape,local+self_sitemap,yes,yes,3,/bjj-glossary|/bjj-glossary/escape|/escape,pass
https://senseisandy.com/bjj-glossary/updates,local+self_sitemap,yes,yes,14,/after-school|/bjj-classes-tannersville-ny|/book-free-intro|/directions|/nearby-towns|/partials/reviews-village,pass
https://senseisandy.com/bjj-glossary/waiter-sweep,local+self_sitemap,yes,yes,3,/bjj-glossary|/bjj-glossary/de-la-riva|/de-la-riva,pass
https://senseisandy.com/bjj-glossary/whizzer,local+self_sitemap,yes,yes,13,/bjj-glossary|/bjj-glossary/overhook|/bjj-glossary/pummel|/bjj-glossary/single-leg-defense|/bjj-glossary/sprawl|/bjj-glossary/takedown-defense,pass
https://senseisandy.com/bjj-glossary/whizzer-defense,local+self_sitemap,yes,yes,3,/bjj-glossary|/bjj-glossary/single-leg-defense|/single-leg-defense,pass
https://senseisandy.com/bjj-glossary/windshield-wiper,local+self_sitemap,yes,yes,5,/bjj-glossary|/bjj-glossary/long-step|/bjj-glossary/mount-transition|/long-step|/mount-transition,pass
https://senseisandy.com/bjj-glossary/wrestle-up,local+self_sitemap,yes,yes,7,/bjj-glossary|/bjj-glossary/hip-heist|/bjj-glossary/k-guard|/bjj-glossary/waiter-sweep|/hip-heist|/k-guard,pass
https://senseisandy.com/bjj-glossary/wrist-control,local+self_sitemap,yes,yes,5,/ankle-pick|/bjj-glossary|/bjj-glossary/ankle-pick|/bjj-glossary/posture-break|/posture-break,pass
https://senseisandy.com/bjj-glossary/x-guard,local+self_sitemap,yes,yes,7,/ankle-lock|/bjj-glossary|/bjj-glossary/ankle-lock|/bjj-glossary/knee-line|/bjj-glossary/leg-entanglement|/knee-line,pass
https://senseisandy.com/bjj-glossary/z-guard,local+self_sitemap,yes,yes,1,/bjj-glossary,pass
https://senseisandy.com/bjj-stretches,local+self_sitemap,yes,yes,32,/bjj-glossary/bottom-position|/bjj-glossary/choke|/bjj-glossary/drilling|/bjj-glossary/frames|/bjj-glossary/open-mat|/bjj-glossary/position,pass
https://senseisandy.com/bjj-videos,local+self_sitemap,yes,yes,617,/|/6weekgrandslam|/adult|/adult-bjj|/adults|/after-school,pass
https://senseisandy.com/black-belt-concierge,local+self_sitemap,yes,yes,1,/private-lessons,pass
https://senseisandy.com/black-belt-track,local+self_sitemap,yes,yes,32,/bjj-glossary/bottom-position|/bjj-glossary/choke|/bjj-glossary/drilling|/bjj-glossary/frames|/bjj-glossary/open-mat|/bjj-glossary/position,pass
https://senseisandy.com/blackbelttrack,local_self_canonical,yes,no,0,,fail
https://senseisandy.com/blog,local+self_sitemap,yes,yes,612,/|/6weekgrandslam|/adult|/adult-bjj|/adults|/after-school,pass
https://senseisandy.com/blog/after-school-jiu-jitsu,local+self_sitemap,yes,yes,13,/blog/after-school-jiu-jitsu-calm-routine-catskills|/blog/bjj-sensei|/blog/hunter-elementary-tuesday-drop-off-bjj|/blog/jiu-jitsu-near-windham-mountain-club|/blog/jiu-jitsu-near-windham-mountain-club-ski-families|/blog/kids-jiu-jitsu-windham-ny,pass
https://senseisandy.com/blog/after-school-jiu-jitsu-calm-routine-catskills,local+self_sitemap,yes,yes,12,/blog/after-school-jiu-jitsu|/blog/bjj-sensei|/blog/hunter-elementary-tuesday-drop-off-bjj|/blog/jiu-jitsu-near-windham-mountain-club|/blog/jiu-jitsu-near-windham-mountain-club-ski-families|/blog/kids-martial-arts-haines-falls,pass
https://senseisandy.com/blog/beginner-friendly-bjj-tannersville-evidence,local_self_canonical,yes,no,0,,fail
https://senseisandy.com/blog/beginner-friendly-bjj-tannersville-links,local+self_sitemap,yes,yes,7,/blog|/blog/catskills-gym-alternative-jiu-jitsu|/blog/sanda-vs-jiu-jitsu|/blog/sensei-rules|/blog/tags/starting-jiu-jitsu|/blog/what-does-sensei-mean-in-bjj,pass
https://senseisandy.com/blog/beginners-guide-bjj-human-chess,local+self_sitemap,yes,yes,14,/blog|/blog/beginners-guide-bjj-human-chess|/blog/bjj-beginners-over-40-catskills|/blog/cairo-ny-bjj-specialist|/blog/growth-over-gold-bjj-mindset|/blog/tags/starting-jiu-jitsu,pass
https://senseisandy.com/blog/bio-ginastica,local_self_canonical,yes,no,0,,fail
https://senseisandy.com/blog/bio-ginastica-mobility,local_self_canonical,yes,no,0,,fail
https://senseisandy.com/blog/bio-switch-nervous-system,local+self_sitemap,yes,yes,7,/blog|/blog/bioginastica-movement-no-gi|/blog/bjj-36-techniques|/blog/gain-points-system|/blog/kinetic-chess-onteora-park|/blog/neck-cranks-bjj-longevity-guide,pass
https://senseisandy.com/blog/bioginastica-movement-no-gi,local+self_sitemap,yes,yes,7,/blog|/blog/bio-switch-nervous-system|/blog/bjj-36-techniques|/blog/gain-points-system|/blog/kinetic-chess-onteora-park|/blog/neck-cranks-bjj-longevity-guide,pass
https://senseisandy.com/blog/bjj-36-techniques,local+self_sitemap,yes,yes,11,/blog|/blog/bio-switch-nervous-system|/blog/bioginastica-movement-no-gi|/blog/bjj-36-techniques|/blog/gain-points-system|/blog/kinetic-chess-onteora-park,pass
https://senseisandy.com/blog/bjj-beginners-over-40-catskills,local+self_sitemap,yes,yes,29,/blog|/blog/beginners-guide-bjj-human-chess|/blog/cairo-ny-bjj-specialist|/blog/catskills-gym-alternative-jiu-jitsu|/blog/exactly-what-happens-first-bjj-class-minute-by-minute|/blog/growth-over-gold-bjj-mindset,pass
https://senseisandy.com/blog/bjj-belts-stripes-promotions,local+self_sitemap,yes,yes,9,/blog/bjj-belts-stripes-promotions|/blog/bjj-black-belt-degree-time|/blog/bjj-promotions-how-often|/blog/can-you-beat-sensei-without-a-black-belt|/blog/gi-bjj-windham-ny|/blog/kids-martial-arts-haines-falls-beginner-friendly-jiu-jitsu,pass
https://senseisandy.com/blog/bjj-black-belt-degree-time,local+self_sitemap,yes,yes,5,/blog|/blog/bjj-belts-stripes-promotions|/blog/bjj-promotions-how-often|/blog/can-you-beat-sensei-without-a-black-belt|/blog/kids-teens-bjj-belts-ranks-stripes-promotions,pass
https://senseisandy.com/blog/bjj-promotions-how-often,local+self_sitemap,yes,yes,5,/blog|/blog/bjj-belts-stripes-promotions|/blog/bjj-black-belt-degree-time|/blog/gi-vs-no-gi-bjj-cheat-code|/blog/kids-teens-bjj-belts-ranks-stripes-promotions,pass
https://senseisandy.com/blog/bjj-schedule-windham-ny,local+self_sitemap,yes,yes,1,/schedule,pass
https://senseisandy.com/blog/bjj-sensei,local+self_sitemap,yes,yes,13,/blog/after-school-jiu-jitsu|/blog/after-school-jiu-jitsu-calm-routine-catskills|/blog/bjj-sensei|/blog/jiu-jitsu-near-windham-mountain-club|/blog/jiu-jitsu-near-windham-mountain-club-ski-families|/blog/kids-martial-arts-haines-falls,pass
https://senseisandy.com/blog/cairo-ny-bjj-specialist,local+self_sitemap,yes,yes,5,/blog|/blog/beginners-guide-bjj-human-chess|/blog/bjj-beginners-over-40-catskills|/blog/tannersville-bjj-tuesday|/blog/things-to-do-near-hunter-ny-private-bjj-coaching,pass
https://senseisandy.com/blog/can-you-beat-sensei-without-a-black-belt,local+self_sitemap,yes,yes,3,/blog|/blog/bjj-sensei|/blog/schedule-sensei,pass
https://senseisandy.com/blog/catskills-gym-alternative-jiu-jitsu,local+self_sitemap,yes,yes,1,/blog/what-is-sanda-sanshou,pass
https://senseisandy.com/blog/confidence-protocol,local+self_sitemap,yes,yes,5,/beginner-friendly-bjj-tannersville-links|/blog|/blog/beginner-friendly-bjj-tannersville-evidence|/blog/beginner-friendly-bjj-tannersville-links|/blog/gi-bjj-windham-ny,pass
https://senseisandy.com/blog/exactly-what-happens-first-bjj-class-minute-by-minute,local+self_sitemap,yes,yes,142,/beginner-friendly-bjj-tannersville-links|/blog|/blog/beginner-friendly-bjj-tannersville-evidence|/blog/beginner-friendly-bjj-tannersville-links|/blog/can-you-beat-sensei-without-a-black-belt|/blog/catskills-gym-alternative-jiu-jitsu,pass
https://senseisandy.com/blog/gain-points-system,local+self_sitemap,yes,yes,7,/blog|/blog/bio-switch-nervous-system|/blog/bioginastica-movement-no-gi|/blog/bjj-36-techniques|/blog/kinetic-chess-onteora-park|/blog/neck-cranks-bjj-longevity-guide,pass
https://senseisandy.com/blog/gi-bjj-windham-ny,local+self_sitemap,yes,yes,2,/blog/tags/adult-bjj|/schedule,pass
https://senseisandy.com/blog/gi-vs-no-gi-bjj-cheat-code,local+self_sitemap,yes,yes,26,/blog|/blog/can-you-beat-sensei-without-a-black-belt|/blog/catskills-gym-alternative-jiu-jitsu|/blog/exactly-what-happens-first-bjj-class-minute-by-minute|/blog/gi-bjj-windham-ny|/blog/jiu-jitsu-near-windham-mountain-club,pass
https://senseisandy.com/blog/ginastica,local_self_canonical,yes,no,0,,fail
https://senseisandy.com/blog/growth-over-gold-bjj-mindset,local+self_sitemap,yes,yes,4,/blog|/blog/schedule-sensei-reset-protocol|/mountain-pass|/mountain-pass-print,pass
https://senseisandy.com/blog/how-to-fall-safely-bjj-breakfalls,local+self_sitemap,yes,yes,122,/blog/seated-guard-basics|/blog/sensei-rules|/blog/tags/starting-jiu-jitsu|/videos/25-2025-mzi3kdzmau8|/videos/25-for-2025-MZI3kDzmaU8|/videos/25-for-2025-mzi3kdzmau8,pass
https://senseisandy.com/blog/hunter-elementary-tuesday-drop-off-bjj,local+self_sitemap,yes,yes,4,/blog|/blog/after-school-jiu-jitsu|/blog/kids-jiu-jitsu-windham-ny|/blog/tags/youth,pass
https://senseisandy.com/blog/jiu-jitsu-near-hunter-mountain,local+self_sitemap,yes,yes,7,/beginner-friendly-bjj-tannersville-links|/blog/beginner-friendly-bjj-tannersville-evidence|/blog/beginner-friendly-bjj-tannersville-links|/blog/martial-arts-near-hunter-ny-grappling-not-striking|/blog/teen-jiu-jitsu-hunter-ny|/blog/things-to-do-near-hunter-ny-private-bjj-coaching,pass
https://senseisandy.com/blog/jiu-jitsu-near-windham-mountain-club,local+self_sitemap,yes,yes,12,/blog/after-school-jiu-jitsu|/blog/after-school-jiu-jitsu-calm-routine-catskills|/blog/bjj-sensei|/blog/jiu-jitsu-near-windham-mountain-club-ski-families|/blog/jiu-jitsu-windham-ny|/blog/kids-martial-arts-haines-falls,pass
https://senseisandy.com/blog/jiu-jitsu-near-windham-mountain-club-ski-families,local+self_sitemap,yes,yes,7,/blog/after-school-jiu-jitsu|/blog/after-school-jiu-jitsu-calm-routine-catskills|/blog/jiu-jitsu-near-windham-mountain-club|/blog/private-jiu-jitsu-lessons-windham-ny|/blog/schedule-sensei-weekly-template|/blog/what-does-sensei-mean-in-bjj,pass
https://senseisandy.com/blog/jiu-jitsu-windham-ny,local+self_sitemap,yes,yes,10,/blog/bjj-schedule-windham-ny|/blog/gi-bjj-windham-ny|/blog/jiu-jitsu-near-hunter-mountain|/blog/kids-jiu-jitsu-windham-ny|/blog/martial-arts-windham-ny|/blog/martial-arts-windham-ny-why-families-pick-jiu-jitsu,pass
https://senseisandy.com/blog/kids-jiu-jitsu-windham-ny,local+self_sitemap,yes,yes,1,/schedule,pass
https://senseisandy.com/blog/kids-martial-arts-haines-falls,local+self_sitemap,yes,yes,57,/adult-bjj|/beginner-friendly-bjj-tannersville-links|/blog|/blog/after-school-jiu-jitsu|/blog/after-school-jiu-jitsu-calm-routine-catskills|/blog/beginner-friendly-bjj-tannersville-evidence,pass
https://senseisandy.com/blog/kids-martial-arts-haines-falls-beginner-friendly-jiu-jitsu,local+self_sitemap,yes,yes,5,/adult-bjj|/blog/kids-martial-arts-haines-falls|/blog/tags/youth|/kids|/partials/nearby-areas-links,pass
https://senseisandy.com/blog/kids-teens-bjj-belts-ranks-stripes-promotions,local+self_sitemap,yes,yes,12,/blog|/blog/bjj-belts-stripes-promotions|/blog/bjj-black-belt-degree-time|/blog/bjj-promotions-how-often|/blog/tags/youth|/blog/teen-jiu-jitsu-hunter-ny,pass
https://senseisandy.com/blog/kinetic-chess-onteora-park,local+self_sitemap,yes,yes,7,/blog|/blog/bio-switch-nervous-system|/blog/bioginastica-movement-no-gi|/blog/bjj-36-techniques|/blog/gain-points-system|/blog/neck-cranks-bjj-longevity-guide,pass
https://senseisandy.com/blog/martial-arts-near-hunter-ny-grappling-not-striking,local_self_canonical,yes,no,0,,fail
https://senseisandy.com/blog/martial-arts-windham-ny,local+self_sitemap,yes,yes,57,/adult-bjj|/beginner-friendly-bjj-tannersville-links|/blog|/blog/after-school-jiu-jitsu|/blog/after-school-jiu-jitsu-calm-routine-catskills|/blog/beginner-friendly-bjj-tannersville-evidence,pass
https://senseisandy.com/blog/martial-arts-windham-ny-why-families-pick-jiu-jitsu,local+self_sitemap,yes,yes,6,/adult-bjj|/blog/jiu-jitsu-windham-ny|/blog/martial-arts-windham-ny|/jiu-jitsu-windham-ny|/kids|/partials/nearby-areas-links,pass
https://senseisandy.com/blog/neck-cranks-bjj-longevity-guide,local+self_sitemap,yes,yes,20,/blog|/blog/bio-switch-nervous-system|/blog/bioginastica-movement-no-gi|/blog/bjj-36-techniques|/blog/gain-points-system|/blog/kinetic-chess-onteora-park,pass
https://senseisandy.com/blog/no-gi-windham-ny,local+self_sitemap,yes,yes,2,/blog/bjj-schedule-windham-ny|/blog/tags/adult-bjj,pass
https://senseisandy.com/blog/onteora-park-summer-activities,local_self_canonical,yes,no,0,,fail
https://senseisandy.com/blog/onteora-park-summer-activities-catskills,local_self_canonical,yes,no,0,,fail
https://senseisandy.com/blog/onteora-park-summer-activities-tannersville-athletics,local_self_canonical,yes,no,0,,fail
https://senseisandy.com/blog/private-jiu-jitsu-lessons-windham-ny,local+self_sitemap,yes,yes,1,/blog/no-gi-windham-ny,pass
https://senseisandy.com/blog/sanda-vs-jiu-jitsu,local+self_sitemap,yes,yes,25,/blog|/blog/can-you-beat-sensei-without-a-black-belt|/blog/catskills-gym-alternative-jiu-jitsu|/blog/exactly-what-happens-first-bjj-class-minute-by-minute|/blog/gi-vs-no-gi-bjj-cheat-code|/blog/growth-over-gold-bjj-mindset,pass
https://senseisandy.com/blog/sanda-vs-jiu-jitsu-for-mma,local+self_sitemap,yes,yes,8,/blog|/blog/catskills-gym-alternative-jiu-jitsu|/blog/gi-vs-no-gi-bjj-cheat-code|/blog/sanda-vs-jiu-jitsu|/blog/what-is-sanda-sanshou|/faqs,pass
https://senseisandy.com/blog/schedule-sensei,local+self_sitemap,yes,yes,4,/blog|/blog/can-you-beat-sensei-without-a-black-belt|/blog/schedule-sensei-reset-protocol|/blog/tags/adult-bjj,pass
https://senseisandy.com/blog/schedule-sensei-reset-protocol,local+self_sitemap,yes,yes,4,/blog|/blog/after-school-jiu-jitsu-calm-routine-catskills|/blog/schedule-sensei|/blog/schedule-sensei-weekly-template,pass
https://senseisandy.com/blog/schedule-sensei-weekly-template,local+self_sitemap,yes,yes,29,/beginner-friendly-bjj-tannersville-links|/blog|/blog/after-school-jiu-jitsu|/blog/after-school-jiu-jitsu-calm-routine-catskills|/blog/beginner-friendly-bjj-tannersville-evidence|/blog/beginner-friendly-bjj-tannersville-links,pass
https://senseisandy.com/blog/seated-guard-basics,local+self_sitemap,yes,yes,7,/blog/bjj-promotions-how-often|/blog/gi-vs-no-gi-bjj-cheat-code|/blog/how-to-fall-safely-bjj-breakfalls|/blog/sanda-vs-jiu-jitsu|/blog/tags/adult-bjj|/blog/takedown-defense,pass
https://senseisandy.com/blog/sensei-mma-bjj,local+self_sitemap,yes,yes,4,/blog|/blog/bjj-sensei|/blog/sanda-vs-jiu-jitsu-for-mma|/blog/what-is-sanda-sanshou,pass
https://senseisandy.com/blog/sensei-rules,local+self_sitemap,yes,yes,5,/blog|/blog/bjj-sensei|/blog/gi-vs-no-gi-bjj-cheat-code|/blog/sensei-sandy-open-mat|/blog/tags/youth,pass
https://senseisandy.com/blog/sensei-sandy-open-mat,local_self_canonical,yes,no,1,/blog/sensei-sandy-open-mat,fail
https://senseisandy.com/blog/snow-day-protocol-bjj-home-dojo,local+self_sitemap,yes,yes,2,/blog|/blog/schedule-sensei-reset-protocol,pass
https://senseisandy.com/blog/spring-fling-is-here,local+self_sitemap,yes,yes,1,/blog,pass
https://senseisandy.com/blog/tags/adult-bjj,local+self_sitemap,yes,yes,3,/blog|/blog/tags/starting-jiu-jitsu|/blog/tags/youth,pass
https://senseisandy.com/blog/tags/starting-jiu-jitsu,local+self_sitemap,yes,yes,3,/blog|/blog/tags/adult-bjj|/blog/tags/youth,pass
https://senseisandy.com/blog/tags/youth,local+self_sitemap,yes,yes,3,/blog|/blog/tags/adult-bjj|/blog/tags/starting-jiu-jitsu,pass
https://senseisandy.com/blog/takedown-defense,local+self_sitemap,yes,yes,15,/blog/seated-guard-basics|/blog/tags/adult-bjj|/blog/wrestle-ups-scramble|/videos/4pm-kid-takedowns-tannersville-isrhsakxmco|/videos/bjj-class-breakdown-bed-sheet-takedown-bridge-roll-cxcaeoxc1e4|/videos/brazilian-jiu-jitsu-teens-wednesday-no-gi-etzmjyzfgkk,pass
https://senseisandy.com/blog/tannersville-bjj-tuesday,local+self_sitemap,yes,yes,6,/blog|/blog/beginners-guide-bjj-human-chess|/blog/bjj-beginners-over-40-catskills|/blog/cairo-ny-bjj-specialist|/blog/hunter-elementary-tuesday-drop-off-bjj|/blog/things-to-do-near-hunter-ny-private-bjj-coaching,pass
https://senseisandy.com/blog/teen-jiu-jitsu-hunter-ny,local+self_sitemap,yes,yes,2,/schedule|/videos/teens,pass
https://senseisandy.com/blog/things-to-do-near-hunter-ny-private-bjj-coaching,local+self_sitemap,yes,yes,12,/blog|/blog/beginners-guide-bjj-human-chess|/blog/bjj-beginners-over-40-catskills|/blog/cairo-ny-bjj-specialist|/blog/jiu-jitsu-near-hunter-mountain|/blog/jiu-jitsu-near-windham-mountain-club-ski-families,pass
https://senseisandy.com/blog/water-before-training-how-much-when,local+self_sitemap,yes,yes,2,/blog|/blog/tags/starting-jiu-jitsu,pass
https://senseisandy.com/blog/what-does-sensei-mean-in-bjj,local+self_sitemap,yes,yes,10,/blog/after-school-jiu-jitsu|/blog/after-school-jiu-jitsu-calm-routine-catskills|/blog/bjj-sensei|/blog/jiu-jitsu-near-windham-mountain-club|/blog/jiu-jitsu-near-windham-mountain-club-ski-families|/blog/kids-martial-arts-haines-falls,pass
https://senseisandy.com/blog/what-is-sanda-sanshou,local+self_sitemap,yes,yes,4,/blog|/blog/gi-vs-no-gi-bjj-cheat-code|/blog/sanda-vs-jiu-jitsu|/blog/sanda-vs-jiu-jitsu-for-mma,pass
https://senseisandy.com/blog/wrestle-ups-scramble,local+self_sitemap,yes,yes,17,/blog/bio-switch-nervous-system|/blog/bioginastica-movement-no-gi|/blog/gain-points-system|/blog/how-to-fall-safely-bjj-breakfalls|/blog/kinetic-chess-onteora-park|/blog/neck-cranks-bjj-longevity-guide,pass
https://senseisandy.com/book-free-intro,local+self_sitemap,yes,yes,638,/|/6weekgrandslam|/adult|/adult-bjj|/adults|/after-school,pass
https://senseisandy.com/bring-a-friend,local+self_sitemap,yes,yes,2,/schedule|/student-hub,pass
https://senseisandy.com/bully-proof-jiu-jitsu-tannersville-ny,local_self_canonical,yes,yes,5,/bjj-faqs|/blog|/blog/after-school-jiu-jitsu-calm-routine-catskills|/blog/kids-martial-arts-haines-falls-beginner-friendly-jiu-jitsu|/blog/teen-jiu-jitsu-hunter-ny,pass
https://senseisandy.com/camp-clinics,local+self_sitemap,yes,no,0,,fail
https://senseisandy.com/catskills-jiu-jitsu,local+self_sitemap,yes,yes,3,/hunter-ny-jiu-jitsu|/near/haines-falls|/nearby-towns,pass
https://senseisandy.com/contact,local+self_sitemap,yes,yes,612,/|/6weekgrandslam|/adult|/adult-bjj|/adults|/after-school,pass
https://senseisandy.com/directions,local+self_sitemap,yes,yes,613,/|/6weekgrandslam|/adult|/adult-bjj|/adults|/after-school,pass
https://senseisandy.com/friday-night-fanatics,local+self_sitemap,yes,no,0,,fail
https://senseisandy.com/half-day-jiu-jitsu-hour,local+self_sitemap,yes,yes,2,/apres-ski-jiu-jitsu|/blog/after-school-jiu-jitsu,pass
https://senseisandy.com/holiday-schedule,local+self_sitemap,yes,yes,1,/book-free-intro,pass
https://senseisandy.com/jiu-jitsu-safety-tannersville-ny,local+self_sitemap,yes,yes,8,/apres-ski-jiu-jitsu|/blog/sensei-sandy-open-mat|/faqs|/half-day-jiu-jitsu-hour|/jiu-jitsu-safety-tannersville-ny|/partials/popular-paths,pass
https://senseisandy.com/kids,local+self_sitemap,yes,yes,623,/|/6weekgrandslam|/adult|/adult-bjj|/adults|/after-school,pass
https://senseisandy.com/law-enforcement-bjj,local+self_sitemap,yes,yes,1,/adult-bjj,pass
https://senseisandy.com/local-bjj-tournaments-for-parents,local+self_sitemap,yes,no,0,,fail
https://senseisandy.com/martial-arts-hunter-ny,local+self_sitemap,yes,yes,6,/adult-bjj|/blog/jiu-jitsu-near-hunter-mountain|/blog/teen-jiu-jitsu-hunter-ny|/jiu-jitsu-near-hunter-mountain|/kids|/partials/nearby-areas-links,pass
https://senseisandy.com/mountain-pass,local_self_canonical,yes,no,0,,fail
https://senseisandy.com/mountain-pass-print,local_self_canonical,yes,no,1,/mountain-pass,fail
https://senseisandy.com/near/cairo-ny,local+self_sitemap,yes,yes,3,/catskills-jiu-jitsu|/directions|/nearby-towns,pass
https://senseisandy.com/near/catskill-ny,local+self_sitemap,yes,yes,6,/catskills-jiu-jitsu|/directions|/near/cairo-ny|/near/palenville-ny|/near/woodstock-ny|/nearby-towns,pass
https://senseisandy.com/near/east-jewett-ny,local+self_sitemap,yes,yes,10,/catskills-jiu-jitsu|/hunter-ny-jiu-jitsu|/near/elka-park-ny|/near/jewett-east-jewett-ny|/near/lexington-ny|/near/onteora-park-ny,pass
https://senseisandy.com/near/haines-falls,local_self_canonical,yes,no,0,,fail
https://senseisandy.com/near/haines-falls-ny,local+self_sitemap,yes,yes,610,/|/6weekgrandslam|/adult|/adult-bjj|/adults|/after-school,pass
https://senseisandy.com/near/hunter-ny,local+self_sitemap,yes,yes,611,/|/6weekgrandslam|/adult|/adult-bjj|/adults|/after-school,pass
https://senseisandy.com/near/palenville-ny,local+self_sitemap,yes,yes,11,/bring-a-friend|/directions|/near/cairo-ny|/near/catskill-ny|/near/haines-falls-ny|/near/hunter-ny,pass
https://senseisandy.com/near/phoenicia-ny,local+self_sitemap,yes,yes,4,/near/esopus-creek-phoenicia|/near/lanesville-ny|/near/woodstock-ny|/nearby-towns,pass
https://senseisandy.com/near/windham-mountain-club,local+self_sitemap,yes,yes,4,/blog/gi-vs-no-gi-bjj-cheat-code|/blog/jiu-jitsu-near-windham-mountain-club|/blog/jiu-jitsu-near-windham-mountain-club-ski-families|/nearby-towns,pass
https://senseisandy.com/near/windham-ny,local+self_sitemap,yes,yes,610,/|/6weekgrandslam|/adult|/adult-bjj|/adults|/after-school,pass
https://senseisandy.com/near/woodstock-ny,local+self_sitemap,yes,yes,610,/|/6weekgrandslam|/adult|/adult-bjj|/adults|/after-school,pass
https://senseisandy.com/nearby-towns,local+self_sitemap,yes,yes,612,/|/6weekgrandslam|/adult|/adult-bjj|/adults|/after-school,pass
https://senseisandy.com/nervous-first-timers,local+self_sitemap,yes,yes,5,/adult-bjj|/faqs|/kids|/near/east-jewett-ny|/near/windham-mountain-club,pass
https://senseisandy.com/options-pricing,local+self_sitemap,yes,yes,613,/|/6weekgrandslam|/adult|/adult-bjj|/adults|/after-school,pass
https://senseisandy.com/partners-hospitality-hunter-windham,local+self_sitemap,yes,no,0,,fail
https://senseisandy.com/partners-wellness-pt-referrals,local+self_sitemap,yes,no,0,,fail
https://senseisandy.com/private-lessons,local+self_sitemap,yes,yes,620,/|/6weekgrandslam|/adult|/adult-bjj|/adults|/after-school,pass
https://senseisandy.com/privates,local_self_canonical,yes,no,1,/blog/onteora-park-summer-activities-tannersville-athletics,fail
https://senseisandy.com/programs,local+self_sitemap,yes,yes,620,/|/6weekgrandslam|/adult|/adult-bjj|/adults|/after-school,pass
https://senseisandy.com/report-card,local+self_sitemap,yes,no,0,,fail
https://senseisandy.com/rural-bjj-catskills,local+self_sitemap,yes,no,0,,fail
https://senseisandy.com/samurai-break,local+self_sitemap,yes,yes,2,/blog/how-to-fall-safely-bjj-breakfalls|/winter-compliance-protocol,pass
https://senseisandy.com/samuraibreak,local_self_canonical,yes,no,0,,fail
https://senseisandy.com/schedule,local+self_sitemap,yes,yes,627,/|/6weekgrandslam|/adult|/adult-bjj|/adults|/after-school,pass
https://senseisandy.com/school-families-jiu-jitsu,local+self_sitemap,yes,yes,1,/blog/hunter-elementary-tuesday-drop-off-bjj,pass
https://senseisandy.com/scribners,local_self_canonical,yes,yes,4,/adult-bjj|/instagram|/private-lessons|/scribners-thank-you,pass
https://senseisandy.com/scribners-jiu-jitsu,local+self_sitemap,yes,yes,1,/private-lessons,pass
https://senseisandy.com/sensei-bully,local+self_sitemap,yes,yes,10,/anti-bully|/blog/martial-arts-near-hunter-ny-grappling-not-striking|/faqs|/jiu-jitsu-safety-tannersville-ny|/martial-arts-near-hunter-ny-grappling-not-striking|/partials/popular-paths,pass
https://senseisandy.com/sensei-jiu-jitsu,local+self_sitemap,yes,yes,610,/|/6weekgrandslam|/adult|/adult-bjj|/adults|/after-school,pass
https://senseisandy.com/sensei-studio,local+self_sitemap,yes,yes,611,/|/6weekgrandslam|/adult|/adult-bjj|/adults|/after-school,pass
https://senseisandy.com/show-up-kit,local+self_sitemap,yes,yes,618,/|/6weekgrandslam|/adult|/adult-bjj|/adults|/after-school,pass
https://senseisandy.com/stretches,local_self_canonical,yes,no,2,/antibully|/samuraibreak,fail
https://senseisandy.com/student-hub,local+self_sitemap,yes,yes,368,/adult-bjj|/after-school|/ankle-lock|/ankle-pick|/arm-drag|/armbar,pass
https://senseisandy.com/success-stories,local_self_canonical,yes,yes,611,/|/6weekgrandslam|/adult|/adult-bjj|/adults|/after-school,pass
https://senseisandy.com/summer-jiu-jitsu-tannersville,local+self_sitemap,yes,yes,5,/adults|/faqs|/jiu-jitsu-safety-tannersville-ny|/partials/home-seasonal-promo|/safety,pass
https://senseisandy.com/teen-jiu-jitsu-tannersville-ny,local+self_sitemap,yes,yes,623,/|/6weekgrandslam|/adult|/adult-bjj|/adults|/after-school,pass
https://senseisandy.com/videos,local_self_canonical,yes,no,81,/videos/25-for-2025-MZI3kDzmaU8|/videos/25-for-2025-mzi3kdzmau8|/videos/4pm-class-5wXyFR6f2yc|/videos/4pm-class-5wxyfr6f2yc|/videos/4pm-kid-takedowns-in-tannersville-IsRHsAKxmCo|/videos/4pm-kid-takedowns-in-tannersville-isrhsakxmco,fail
https://senseisandy.com/videos/25-2025-mzi3kdzmau8,local_self_canonical,yes,yes,5,/bjj-videos|/videos/adults|/videos/rear-bear-hug-body-lock-defense-seatbelt-back-wswxnsiavuu|/videos/safe-tai-otoshi-rear-body-lock-defense-youth-n-yodtnn8f8|/videos/submissions,pass
https://senseisandy.com/videos/25-for-2025-MZI3kDzmaU8,local_self_canonical,yes,no,2,/videos/private-video-VXzRG-G8rtU|/videos/safe-tai-otoshi-rear-body-lock-defense-youth-handcuff-ride-passing-cheat-code-adults-N-YODTNN8F8,fail
https://senseisandy.com/videos/25-for-2025-mzi3kdzmau8,local_self_canonical,yes,no,2,/videos/private-video-vxzrg-g8rtu|/videos/safe-tai-otoshi-rear-body-lock-defense-youth-handcuff-ride-n-yodtnn8f8,fail
https://senseisandy.com/videos/4pm-class-5wXyFR6f2yc,local_self_canonical,yes,no,2,/videos/6pm-adults-NS5gBmsJW9I|/videos/wednesday-GFcByYHrou4,fail
https://senseisandy.com/videos/4pm-class-5wxyfr6f2yc,local_self_canonical,yes,no,2,/videos/6pm-adults-ns5gbmsjw9i|/videos/wednesday-gfcbyyhrou4,fail
https://senseisandy.com/videos/4pm-kid-takedowns-in-tannersville-IsRHsAKxmCo,local_self_canonical,yes,no,2,/videos/friday-tannersville-kids-bjj-qf48JtbhJug|/videos/kids-bjj-safety-skills-hair-pull-escape-grip-break-game-balance-wars-gi-folding-EeNqfgRycfE,fail
https://senseisandy.com/videos/4pm-kid-takedowns-in-tannersville-isrhsakxmco,local_self_canonical,yes,no,1,/videos/kids-bjj-safety-skills-hair-pull-escape-grip-break-game-eenqfgrycfe,fail
https://senseisandy.com/videos/4pm-kid-takedowns-tannersville-isrhsakxmco,local_self_canonical,yes,yes,5,/bjj-videos|/videos/friday-tannersville-kids-bjj-qf48jtbhjug|/videos/kids|/videos/kids-bjj-safety-skills-hair-pull-escape-grip-eenqfgrycfe|/videos/takedowns,pass
https://senseisandy.com/videos/4pm-kids-5K-uN3MYncU,local_self_canonical,yes,no,2,/videos/kids-adults-bjj-class-breakfalls-grip-breaking-pogo-stick-pass-takedown-cross-body-pin-uk16CCtsKk8|/videos/kids-adults-bjj-class-snap-downs-loop-choke-seatbelt-back-control-closed-guard-live-rounds-PksQic7GArU,fail
https://senseisandy.com/videos/4pm-kids-5k-un3myncu,local_self_canonical,yes,no,2,/videos/kids-adults-bjj-class-breakfalls-grip-breaking-pogo-stick-uk16cctskk8|/videos/kids-adults-bjj-class-snap-downs-loop-choke-seatbelt-back-pksqic7garu,fail
https://senseisandy.com/videos/5pm--HuSzeaTXuY,local_self_canonical,yes,no,0,,fail
https://senseisandy.com/videos/5pm-teens-Jmr7M3E5CoM,local_self_canonical,yes,no,1,/videos/teens-brazilian-jiu-jitsu-chokes-self-defense-LFeW-qWwdgQ,fail
https://senseisandy.com/videos/5pm-teens-jmr7m3e5com,local_self_canonical,yes,no,0,,fail
https://senseisandy.com/videos/6-pm-bjj-class-preview-session-1-l5hh632g2h4,local_self_canonical,yes,no,3,/videos/bjj-front-headlock-fundamentals-chin-strap-guillotine-finish-shoulder-pressure-escape-PAodMOpIVNk|/videos/friday-9-30am-Hc-5NaiXKFw|/videos/friday-9-30am-hc-5naixkfw,fail
https://senseisandy.com/videos/6-pm-bjj-class-preview-session-2-lqtzpvkiw7y,local_self_canonical,yes,no,4,/videos/friday-tIcb1N-nMgc|/videos/friday-ticb1n-nmgc|/videos/games-loRFy-ndeNk|/videos/games-lorfy-ndenk,fail
https://senseisandy.com/videos/6pm-L5hh632g2h4,local_self_canonical,yes,no,0,,fail
https://senseisandy.com/videos/6pm-adults-NS5gBmsJW9I,local_self_canonical,yes,no,2,/videos/4pm-class-5wXyFR6f2yc|/videos/friday-9-30am-Hc-5NaiXKFw,fail
https://senseisandy.com/videos/6pm-adults-ns5gbmsjw9i,local_self_canonical,yes,no,2,/videos/4pm-class-5wxyfr6f2yc|/videos/friday-9-30am-hc-5naixkfw,fail
https://senseisandy.com/videos/6pm-lQtzpVkiW7Y,local_self_canonical,yes,no,0,,fail
https://senseisandy.com/videos/adult-brazilian-jiu-jitsu-beginner-class-mat-returns-lAtXJ0ov1SA,local_self_canonical,yes,no,0,,fail
https://senseisandy.com/videos/adults,local+self_sitemap,yes,yes,102,/bjj-videos|/partials/video-featured-adults|/partials/video-featured-home|/partials/video-featured-kids|/partials/video-featured-programs|/partials/video-featured-schedule,pass
https://senseisandy.com/videos/angle-b-cows-sharks-and-bears-oh-my-in-tannersville-brazilian-jiu-jitsu-class-TIparvZ3974,local_self_canonical,yes,no,2,/videos/brazilian-jiu-jitsu-beginner-intro-wednesday-no-gi-RWEVpph8AeI|/videos/breakfalls-for-beginners-3-safe-get-ups-arm-triangle-finish-bjj-class-games-Ioek3l5oqhY,fail
https://senseisandy.com/videos/angle-b-cows-sharks-and-bears-oh-my-in-tannersville-tiparvz3974,local_self_canonical,yes,no,1,/videos/breakfalls-for-beginners-3-safe-get-ups-arm-triangle-ioek3l5oqhy,fail
https://senseisandy.com/videos/angle-b-cows-sharks-bears-oh-my-tannersville-tiparvz3974,local_self_canonical,yes,yes,5,/bjj-videos|/videos/adults|/videos/brazilian-jiu-jitsu-beginner-intro-wednesday-no-gi-rwevpph8aei|/videos/breakfalls-beginners-3-safe-get-ups-arm-triangle-ioek3l5oqhy|/videos/submissions,pass
https://senseisandy.com/videos/bjj-brazilian-jiu-jitsu-kata-gatame-sabado-gigante-i2_ZxD8UKcc,local_self_canonical,yes,no,0,,fail
https://senseisandy.com/videos/bjj-class-breakdown-bed-sheet-takedown-bridge-and-roll-cxcaeoxc1e4,local_self_canonical,yes,no,2,/videos/bjj-fundamentals-in-the-catskills-belt-tie-breakfalls-ecxel1po6ue|/videos/hair-grab-self-defense-duck-and-hug-takedown-mount-escape-db1lfepopv4,fail
https://senseisandy.com/videos/bjj-class-breakdown-bed-sheet-takedown-bridge-and-roll-mount-escape-shin-ride-crackdown-CxcAeOXc1E4,local_self_canonical,yes,no,2,/videos/bjj-fundamentals-in-the-catskills-belt-tie-breakfalls-mount-escape-crackdown-crucifix-ecxeL1PO6UE|/videos/hair-grab-self-defense-duck-and-hug-takedown-mount-escape-youth-adult-bjj-class-db1LFEPOPv4,fail
https://senseisandy.com/videos/bjj-class-breakdown-bed-sheet-takedown-bridge-roll-cxcaeoxc1e4,local_self_canonical,yes,yes,7,/bjj-videos|/videos/adults|/videos/bjj-fundamentals-catskills-belt-tie-breakfalls-mount-escape-ecxel1po6ue|/videos/escapes|/videos/hair-grab-self-defense-duck-hug-takedown-mount-db1lfepopv4|/videos/positioning,pass
https://senseisandy.com/videos/bjj-day-1-wednesday-in-tannersville-ny-BeINaONoezg,local_self_canonical,yes,no,0,,fail
https://senseisandy.com/videos/bjj-front-headlock-fundamentals-chin-strap-guillotine-finish-paodmopivnk,local_self_canonical,yes,yes,9,/bjj-videos|/videos/adults|/videos/escapes|/videos/front-headlock-escapes-spinning-turtle-rear-body-lock-s7jvperxqrg|/videos/high-elbow-guillotine-front-headlock-control-bjj-class-n0s6-u9kmhg|/videos/peterson-roll-escape-paint-brush-choke-reverse-power-ptralty9r64,pass
https://senseisandy.com/videos/bjj-front-headlock-fundamentals-chin-strap-guillotine-finish-shoulder-pressure-escape-PAodMOpIVNk,local_self_canonical,yes,no,4,/videos/front-headlock-escapes-spinning-turtle-rear-body-lock-escapes-50-50-safety-drills-bjj-class-s7jVPeRXqrg|/videos/high-elbow-guillotine-front-headlock-control-bjj-class-games-sparring-deep-dive-N0S6-u9KmHg|/videos/peterson-roll-escape-paint-brush-choke-reverse-power-nelson-bjj-class-breakdown-PtRaLTY9r64|/videos/rear-naked-choke-rnc-mount-escape-spiderweb-armbar-bjj-class-breakdown-P8UneaZvoWk,fail
https://senseisandy.com/videos/bjj-front-headlock-fundamentals-chin-strap-guillotine-paodmopivnk,local_self_canonical,yes,no,2,/videos/6-pm-bjj-class-preview-session-1-l5hh632g2h4|/videos/rear-naked-choke-rnc-mount-escape-spiderweb-armbar-bjj-p8uneazvowk,fail
https://senseisandy.com/videos/bjj-fundamentals-catskills-belt-tie-breakfalls-mount-escape-ecxel1po6ue,local_self_canonical,yes,yes,9,/bjj-videos|/videos/adults|/videos/bjj-class-breakdown-bed-sheet-takedown-bridge-roll-cxcaeoxc1e4|/videos/breakfalls|/videos/breakfalls-beginners-3-safe-get-ups-arm-triangle-ioek3l5oqhy|/videos/escapes,pass
https://senseisandy.com/videos/bjj-fundamentals-in-the-catskills-belt-tie-breakfalls-ecxel1po6ue,local_self_canonical,yes,no,4,/videos/bjj-class-breakdown-bed-sheet-takedown-bridge-and-roll-cxcaeoxc1e4|/videos/breakfalls-for-beginners-3-safe-get-ups-arm-triangle-ioek3l5oqhy|/videos/how-to-stand-up-safely-in-bjj-kickstand-head-position-3-zmmvel-pf2u|/videos/kids-adults-bjj-class-breakfalls-grip-breaking-pogo-stick-uk16cctskk8,fail
https://senseisandy.com/videos/bjj-fundamentals-in-the-catskills-belt-tie-breakfalls-mount-escape-crackdown-crucifix-ecxeL1PO6UE,local_self_canonical,yes,no,4,/videos/bjj-class-breakdown-bed-sheet-takedown-bridge-and-roll-mount-escape-shin-ride-crackdown-CxcAeOXc1E4|/videos/breakfalls-for-beginners-3-safe-get-ups-arm-triangle-finish-bjj-class-games-Ioek3l5oqhY|/videos/how-to-stand-up-safely-in-bjj-kickstand-head-position-3-get-ups-loop-choke-finish-zmmVEl-pf2U|/videos/kids-adults-bjj-class-breakfalls-grip-breaking-pogo-stick-pass-takedown-cross-body-pin-uk16CCtsKk8,fail
https://senseisandy.com/videos/bjj-pressure-concepts-paint-brush-elbow-chest-compression-kcbwc0djxp4,local_self_canonical,yes,yes,7,/bjj-videos|/videos/adults|/videos/rear-naked-choke-rnc-mount-escape-spiderweb-armbar-bjj-p8uneazvowk|/videos/rear-naked-choke-rnc-mount-escape-spiderweb-armbar-p8uneazvowk|/videos/safe-stand-ups-knee-pick-bulldog-front-headlock-b8x5bi-3thu|/videos/safe-stand-ups-knee-pick-bulldog-front-headlock-north-b8x5bi-3thu,pass
https://senseisandy.com/videos/bjj-pressure-concepts-paint-brush-elbow-chest-compression-north-south-control-kcbwC0dJXP4,local_self_canonical,yes,no,2,/videos/rear-naked-choke-rnc-mount-escape-spiderweb-armbar-bjj-class-breakdown-P8UneaZvoWk|/videos/safe-stand-ups-knee-pick-bulldog-front-headlock-north-south-choke-bjj-class-B8X5bI-3THU,fail
https://senseisandy.com/videos/bjj-teens-tannersville-wednesday-no-gi-submission-wrestling-rr8NoQAaumU,local_self_canonical,yes,no,0,,fail
https://senseisandy.com/videos/brazilian-jiu-jitsu-beginner-intro-wednesday-no-gi-RWEVpph8AeI,local_self_canonical,yes,no,8,/videos/4pm-kids-5K-uN3MYncU|/videos/angle-b-cows-sharks-and-bears-oh-my-in-tannersville-brazilian-jiu-jitsu-class-TIparvZ3974|/videos/friday-tannersville-kids-bjj-qf48JtbhJug|/videos/kids-bjj-safety-class-side-breakfall-don-t-fall-like-a-banana-stability-ball-wrestling-lkW9SJ9v2TI|/videos/kids-bjj-safety-class-side-breakfalls-grip-breaks-recovery-drills-retention-games-y1lu5dHnQak|/videos/kids-teens-and-adult-brazilian-jiu-jitsu-friday-night-in-tannersville-ny-fMJTbQBn3fg,fail
https://senseisandy.com/videos/brazilian-jiu-jitsu-beginner-intro-wednesday-no-gi-rwevpph8aei,local_self_canonical,yes,yes,17,/bjj-videos|/videos/4pm-kids-5k-un3myncu|/videos/adults|/videos/angle-b-cows-sharks-and-bears-oh-my-in-tannersville-tiparvz3974|/videos/angle-b-cows-sharks-bears-oh-my-tannersville-tiparvz3974|/videos/friday-tannersville-kids-bjj-qf48jtbhjug,pass
https://senseisandy.com/videos/brazilian-jiu-jitsu-teens-wednesday-no-gi-EtZMjYZFgKk,local_self_canonical,yes,no,1,/videos/teens-brazilian-jiu-jitsu-chokes-self-defense-LFeW-qWwdgQ,fail
https://senseisandy.com/videos/brazilian-jiu-jitsu-teens-wednesday-no-gi-etzmjyzfgkk,local_self_canonical,yes,yes,4,/bjj-videos|/videos/submissions|/videos/teens|/videos/teens-brazilian-jiu-jitsu-chokes-self-defense-lfew-qwwdgq,pass
https://senseisandy.com/videos/breakfalls,local+self_sitemap,yes,yes,23,/bjj-videos|/videos/adults|/videos/bjj-fundamentals-catskills-belt-tie-breakfalls-mount-escape-ecxel1po6ue|/videos/bjj-fundamentals-in-the-catskills-belt-tie-breakfalls-ecxel1po6ue|/videos/bjj-fundamentals-in-the-catskills-belt-tie-breakfalls-mount-escape-crackdown-crucifix-ecxeL1PO6UE|/videos/breakfalls,pass
https://senseisandy.com/videos/breakfalls-beginners-3-safe-get-ups-arm-triangle-ioek3l5oqhy,local_self_canonical,yes,yes,9,/bjj-videos|/videos/adults|/videos/angle-b-cows-sharks-bears-oh-my-tannersville-tiparvz3974|/videos/bjj-fundamentals-catskills-belt-tie-breakfalls-mount-escape-ecxel1po6ue|/videos/breakfalls|/videos/how-stand-up-safely-bjj-kickstand-head-position-zmmvel-pf2u,pass
https://senseisandy.com/videos/breakfalls-for-beginners-3-safe-get-ups-arm-triangle-finish-bjj-class-games-Ioek3l5oqhY,local_self_canonical,yes,no,5,/videos/angle-b-cows-sharks-and-bears-oh-my-in-tannersville-brazilian-jiu-jitsu-class-TIparvZ3974|/videos/bjj-fundamentals-in-the-catskills-belt-tie-breakfalls-mount-escape-crackdown-crucifix-ecxeL1PO6UE|/videos/how-to-stand-up-safely-in-bjj-kickstand-head-position-3-get-ups-loop-choke-finish-zmmVEl-pf2U|/videos/kids-adults-bjj-class-breakfalls-grip-breaking-pogo-stick-pass-takedown-cross-body-pin-uk16CCtsKk8|/videos/safe-stand-ups-knee-pick-bulldog-front-headlock-north-south-choke-bjj-class-B8X5bI-3THU,fail
https://senseisandy.com/videos/breakfalls-for-beginners-3-safe-get-ups-arm-triangle-ioek3l5oqhy,local_self_canonical,yes,no,5,/videos/angle-b-cows-sharks-and-bears-oh-my-in-tannersville-tiparvz3974|/videos/bjj-fundamentals-in-the-catskills-belt-tie-breakfalls-ecxel1po6ue|/videos/how-to-stand-up-safely-in-bjj-kickstand-head-position-3-zmmvel-pf2u|/videos/kids-adults-bjj-class-breakfalls-grip-breaking-pogo-stick-uk16cctskk8|/videos/safe-stand-ups-knee-pick-bulldog-front-headlock-north-b8x5bi-3thu,fail
https://senseisandy.com/videos/cow-tip-takedown-chest-control-plus-50-escape-rr8noqaaumu,local_self_canonical,yes,yes,5,/bjj-videos|/videos/adults|/videos/rear-naked-choke-mata-leao-details-guard-retention-beinaonoezg|/videos/submissions|/videos/tuesday-tannersville-brazilian-jiu-jitsu-xxsca476zue,pass
https://senseisandy.com/videos/cow-tip-takedown-chest-to-chest-control-plus-50-50-escape-game-bjj-class-rr8NoQAaumU,local_self_canonical,yes,no,2,/videos/rear-naked-choke-mata-le-o-details-guard-retention-basics-beginner-bjj-class-BeINaONoezg|/videos/tuesday-tannersville-brazilian-jiu-jitsu-xXScA476zuE,fail
https://senseisandy.com/videos/cow-tip-takedown-chest-to-chest-control-plus-50-50-escape-rr8noqaaumu,local_self_canonical,yes,no,1,/videos/rear-naked-choke-mata-le-o-details-guard-retention-basics-beinaonoezg,fail
https://senseisandy.com/videos/escapes,local+self_sitemap,yes,yes,26,/bjj-videos|/videos/5pm-teens-Jmr7M3E5CoM|/videos/5pm-teens-jmr7m3e5com|/videos/adults|/videos/bjj-front-headlock-fundamentals-chin-strap-guillotine-finish-paodmopivnk|/videos/bjj-front-headlock-fundamentals-chin-strap-guillotine-finish-shoulder-pressure-escape-PAodMOpIVNk,pass
https://senseisandy.com/videos/friday-9-30am-Hc-5NaiXKFw,local_self_canonical,yes,no,1,/videos/6pm-adults-NS5gBmsJW9I,fail
https://senseisandy.com/videos/friday-9-30am-hc-5naixkfw,local_self_canonical,yes,no,2,/videos/6-pm-bjj-class-preview-session-1-l5hh632g2h4|/videos/6pm-adults-ns5gbmsjw9i,fail
https://senseisandy.com/videos/friday-tIcb1N-nMgc,local_self_canonical,yes,no,1,/videos/wednesday-GFcByYHrou4,fail
https://senseisandy.com/videos/friday-tannersville-kids-bjj-qf48JtbhJug,local_self_canonical,yes,no,1,/videos/4pm-kid-takedowns-in-tannersville-IsRHsAKxmCo,fail
https://senseisandy.com/videos/friday-tannersville-kids-bjj-qf48jtbhjug,local_self_canonical,yes,yes,5,/bjj-videos|/videos/4pm-kid-takedowns-in-tannersville-isrhsakxmco|/videos/4pm-kid-takedowns-tannersville-isrhsakxmco|/videos/kids|/videos/self-defense,pass
https://senseisandy.com/videos/friday-ticb1n-nmgc,local_self_canonical,yes,no,2,/videos/6-pm-bjj-class-preview-session-2-lqtzpvkiw7y|/videos/wednesday-gfcbyyhrou4,fail
https://senseisandy.com/videos/front-headlock-escapes-spinning-turtle-rear-body-lock-escapes-50-50-safety-drills-bjj-class-s7jVPeRXqrg,local_self_canonical,yes,no,8,/videos/5pm-teens-Jmr7M3E5CoM|/videos/bjj-front-headlock-fundamentals-chin-strap-guillotine-finish-shoulder-pressure-escape-PAodMOpIVNk|/videos/bjj-fundamentals-in-the-catskills-belt-tie-breakfalls-mount-escape-crackdown-crucifix-ecxeL1PO6UE|/videos/breakfalls-for-beginners-3-safe-get-ups-arm-triangle-finish-bjj-class-games-Ioek3l5oqhY|/videos/how-to-stand-up-safely-in-bjj-kickstand-head-position-3-get-ups-loop-choke-finish-zmmVEl-pf2U|/videos/kids-bjj-safety-skills-hair-pull-escape-grip-break-game-balance-wars-gi-folding-EeNqfgRycfE,fail
https://senseisandy.com/videos/front-headlock-escapes-spinning-turtle-rear-body-lock-s7jvperxqrg,local_self_canonical,yes,yes,19,/bjj-videos|/videos/5pm-teens-jmr7m3e5com|/videos/adults|/videos/bjj-front-headlock-fundamentals-chin-strap-guillotine-finish-paodmopivnk|/videos/bjj-front-headlock-fundamentals-chin-strap-guillotine-paodmopivnk|/videos/bjj-fundamentals-catskills-belt-tie-breakfalls-mount-escape-ecxel1po6ue,pass
https://senseisandy.com/videos/games-loRFy-ndeNk,local_self_canonical,yes,no,1,/videos/rear-bear-hug-rear-body-lock-defense-seatbelt-back-control-grip-breaks-sparring-rules-WsWXnsiAvUU,fail
https://senseisandy.com/videos/games-lorfy-ndenk,local_self_canonical,yes,no,2,/videos/6-pm-bjj-class-preview-session-2-lqtzpvkiw7y|/videos/rear-bear-hug-rear-body-lock-defense-seatbelt-back-control-wswxnsiavuu,fail
https://senseisandy.com/videos/gi-brazilian-jiu-jitsu-thursday-teens-and-adults-AzptM1ssKTA,local_self_canonical,yes,no,0,,fail
https://senseisandy.com/videos/guard-passing,local+self_sitemap,yes,yes,11,/bjj-videos|/videos/adults|/videos/breakfalls|/videos/escapes|/videos/guard-passing|/videos/kids,pass
https://senseisandy.com/videos/hair-grab-self-defense-duck-and-hug-takedown-mount-escape-db1lfepopv4,local_self_canonical,yes,no,2,/videos/bjj-class-breakdown-bed-sheet-takedown-bridge-and-roll-cxcaeoxc1e4|/videos/single-leg-takedown-mount-escape-kimura-from-back-control-oqcvatfqorc,fail
https://senseisandy.com/videos/hair-grab-self-defense-duck-and-hug-takedown-mount-escape-youth-adult-bjj-class-db1LFEPOPv4,local_self_canonical,yes,no,2,/videos/bjj-class-breakdown-bed-sheet-takedown-bridge-and-roll-mount-escape-shin-ride-crackdown-CxcAeOXc1E4|/videos/single-leg-takedown-mount-escape-kimura-from-back-control-youth-adult-bjj-class-OQcvaTFQoRc,fail
https://senseisandy.com/videos/hair-grab-self-defense-duck-hug-takedown-mount-db1lfepopv4,local_self_canonical,yes,yes,8,/bjj-videos|/videos/adults|/videos/bjj-class-breakdown-bed-sheet-takedown-bridge-roll-cxcaeoxc1e4|/videos/escapes|/videos/positioning|/videos/self-defense,pass
https://senseisandy.com/videos/high-elbow-guillotine-front-headlock-control-bjj-class-games-sparring-deep-dive-N0S6-u9KmHg,local_self_canonical,yes,no,2,/videos/bjj-front-headlock-fundamentals-chin-strap-guillotine-finish-shoulder-pressure-escape-PAodMOpIVNk|/videos/rear-naked-choke-rnc-mount-escape-spiderweb-armbar-bjj-class-breakdown-P8UneaZvoWk,fail
https://senseisandy.com/videos/high-elbow-guillotine-front-headlock-control-bjj-class-n0s6-u9kmhg,local_self_canonical,yes,yes,7,/bjj-videos|/videos/adults|/videos/bjj-front-headlock-fundamentals-chin-strap-guillotine-finish-paodmopivnk|/videos/bjj-front-headlock-fundamentals-chin-strap-guillotine-paodmopivnk|/videos/rear-naked-choke-rnc-mount-escape-spiderweb-armbar-bjj-p8uneazvowk|/videos/rear-naked-choke-rnc-mount-escape-spiderweb-armbar-p8uneazvowk,pass
https://senseisandy.com/videos/hip-bump-sweep-cross-collar-choke-mount-detail-feorkwvxnre,local_self_canonical,yes,yes,16,/bjj-videos|/videos/25-2025-mzi3kdzmau8|/videos/adults|/videos/angle-b-cows-sharks-bears-oh-my-tannersville-tiparvz3974|/videos/bjj-pressure-concepts-paint-brush-elbow-chest-compression-kcbwc0djxp4|/videos/brazilian-jiu-jitsu-teens-wednesday-no-gi-etzmjyzfgkk,pass
https://senseisandy.com/videos/hip-bump-sweep-cross-collar-choke-mount-detail-spiderweb-armbar-bjj-class-breakdown-FeorkwVXnrE,local_self_canonical,yes,no,18,/videos/25-for-2025-MZI3kDzmaU8|/videos/4pm-class-5wXyFR6f2yc|/videos/6pm-adults-NS5gBmsJW9I|/videos/angle-b-cows-sharks-and-bears-oh-my-in-tannersville-brazilian-jiu-jitsu-class-TIparvZ3974|/videos/bjj-pressure-concepts-paint-brush-elbow-chest-compression-north-south-control-kcbwC0dJXP4|/videos/brazilian-jiu-jitsu-teens-wednesday-no-gi-EtZMjYZFgKk,fail
https://senseisandy.com/videos/hip-bump-sweep-cross-collar-choke-mount-detail-spiderweb-feorkwvxnre,local_self_canonical,yes,no,13,/videos/25-for-2025-mzi3kdzmau8|/videos/4pm-class-5wxyfr6f2yc|/videos/6-pm-bjj-class-preview-session-1-l5hh632g2h4|/videos/6-pm-bjj-class-preview-session-2-lqtzpvkiw7y|/videos/6pm-adults-ns5gbmsjw9i|/videos/angle-b-cows-sharks-and-bears-oh-my-in-tannersville-tiparvz3974,fail
https://senseisandy.com/videos/how-stand-up-safely-bjj-kickstand-head-position-zmmvel-pf2u,local_self_canonical,yes,yes,27,/bjj-videos|/videos/25-2025-mzi3kdzmau8|/videos/adults|/videos/angle-b-cows-sharks-bears-oh-my-tannersville-tiparvz3974|/videos/bjj-front-headlock-fundamentals-chin-strap-guillotine-finish-paodmopivnk|/videos/bjj-fundamentals-catskills-belt-tie-breakfalls-mount-escape-ecxel1po6ue,pass
https://senseisandy.com/videos/how-to-stand-up-safely-in-bjj-kickstand-head-position-3-get-ups-loop-choke-finish-zmmVEl-pf2U,local_self_canonical,yes,no,28,/videos/25-for-2025-MZI3kDzmaU8|/videos/4pm-class-5wXyFR6f2yc|/videos/5pm-teens-Jmr7M3E5CoM|/videos/6pm-adults-NS5gBmsJW9I|/videos/angle-b-cows-sharks-and-bears-oh-my-in-tannersville-brazilian-jiu-jitsu-class-TIparvZ3974|/videos/bjj-front-headlock-fundamentals-chin-strap-guillotine-finish-shoulder-pressure-escape-PAodMOpIVNk,fail
https://senseisandy.com/videos/how-to-stand-up-safely-in-bjj-kickstand-head-position-3-zmmvel-pf2u,local_self_canonical,yes,no,21,/videos/25-for-2025-mzi3kdzmau8|/videos/4pm-class-5wxyfr6f2yc|/videos/5pm-teens-jmr7m3e5com|/videos/6-pm-bjj-class-preview-session-1-l5hh632g2h4|/videos/6-pm-bjj-class-preview-session-2-lqtzpvkiw7y|/videos/6pm-adults-ns5gbmsjw9i,fail
https://senseisandy.com/videos/kids,local+self_sitemap,yes,yes,44,/bjj-videos|/partials/video-featured-adults|/partials/video-featured-home|/partials/video-featured-kids|/partials/video-featured-programs|/partials/video-featured-schedule,pass
https://senseisandy.com/videos/kids-adults-bjj-class-breakfalls-grip-breaking-pogo-stick-pass-takedown-cross-body-pin-uk16CCtsKk8,local_self_canonical,yes,no,13,/videos/4pm-kid-takedowns-in-tannersville-IsRHsAKxmCo|/videos/4pm-kids-5K-uN3MYncU|/videos/bjj-class-breakdown-bed-sheet-takedown-bridge-and-roll-mount-escape-shin-ride-crackdown-CxcAeOXc1E4|/videos/bjj-fundamentals-in-the-catskills-belt-tie-breakfalls-mount-escape-crackdown-crucifix-ecxeL1PO6UE|/videos/breakfalls-for-beginners-3-safe-get-ups-arm-triangle-finish-bjj-class-games-Ioek3l5oqhY|/videos/hair-grab-self-defense-duck-and-hug-takedown-mount-escape-youth-adult-bjj-class-db1LFEPOPv4,fail
https://senseisandy.com/videos/kids-adults-bjj-class-breakfalls-grip-breaking-pogo-stick-uk16cctskk8,local_self_canonical,yes,no,13,/videos/4pm-kid-takedowns-in-tannersville-isrhsakxmco|/videos/4pm-kids-5k-un3myncu|/videos/bjj-class-breakdown-bed-sheet-takedown-bridge-and-roll-cxcaeoxc1e4|/videos/bjj-fundamentals-in-the-catskills-belt-tie-breakfalls-ecxel1po6ue|/videos/breakfalls-for-beginners-3-safe-get-ups-arm-triangle-ioek3l5oqhy|/videos/hair-grab-self-defense-duck-and-hug-takedown-mount-escape-db1lfepopv4,fail
https://senseisandy.com/videos/kids-adults-bjj-class-breakfalls-grip-breaking-pogo-uk16cctskk8,local_self_canonical,yes,yes,19,/bjj-videos|/videos/4pm-kid-takedowns-tannersville-isrhsakxmco|/videos/bjj-class-breakdown-bed-sheet-takedown-bridge-roll-cxcaeoxc1e4|/videos/bjj-fundamentals-catskills-belt-tie-breakfalls-mount-escape-ecxel1po6ue|/videos/breakfalls|/videos/breakfalls-beginners-3-safe-get-ups-arm-triangle-ioek3l5oqhy,pass
https://senseisandy.com/videos/kids-adults-bjj-class-snap-downs-loop-choke-pksqic7garu,local_self_canonical,yes,yes,14,/bjj-videos|/videos/4pm-kid-takedowns-tannersville-isrhsakxmco|/videos/bjj-class-breakdown-bed-sheet-takedown-bridge-roll-cxcaeoxc1e4|/videos/hair-grab-self-defense-duck-hug-takedown-mount-db1lfepopv4|/videos/kids|/videos/kids-adults-bjj-class-breakfalls-grip-breaking-pogo-uk16cctskk8,pass
https://senseisandy.com/videos/kids-adults-bjj-class-snap-downs-loop-choke-seatbelt-back-control-closed-guard-live-rounds-PksQic7GArU,local_self_canonical,yes,no,9,/videos/4pm-kid-takedowns-in-tannersville-IsRHsAKxmCo|/videos/4pm-kids-5K-uN3MYncU|/videos/bjj-class-breakdown-bed-sheet-takedown-bridge-and-roll-mount-escape-shin-ride-crackdown-CxcAeOXc1E4|/videos/hair-grab-self-defense-duck-and-hug-takedown-mount-escape-youth-adult-bjj-class-db1LFEPOPv4|/videos/kids-bjj-safety-class-side-breakfall-don-t-fall-like-a-banana-stability-ball-wrestling-lkW9SJ9v2TI|/videos/knee-pick-takedown-leg-drag-pass-north-south-choke-kinking-the-hose-bjj-class-gtS61f1Ad9o,fail
https://senseisandy.com/videos/kids-adults-bjj-class-snap-downs-loop-choke-seatbelt-back-pksqic7garu,local_self_canonical,yes,no,9,/videos/4pm-kid-takedowns-in-tannersville-isrhsakxmco|/videos/4pm-kids-5k-un3myncu|/videos/bjj-class-breakdown-bed-sheet-takedown-bridge-and-roll-cxcaeoxc1e4|/videos/hair-grab-self-defense-duck-and-hug-takedown-mount-escape-db1lfepopv4|/videos/kids-bjj-safety-class-side-breakfall-don-t-fall-like-a-lkw9sj9v2ti|/videos/knee-pick-takedown-leg-drag-pass-north-south-choke-kinking-gts61f1ad9o,fail
https://senseisandy.com/videos/kids-bjj-safety-class-side-breakfall-don-t-fall-like-a-banana-stability-ball-wrestling-lkW9SJ9v2TI,local_self_canonical,yes,no,2,/videos/kids-adults-bjj-class-snap-downs-loop-choke-seatbelt-back-control-closed-guard-live-rounds-PksQic7GArU|/videos/kids-bjj-safety-class-side-breakfalls-grip-breaks-recovery-drills-retention-games-y1lu5dHnQak,fail
https://senseisandy.com/videos/kids-bjj-safety-class-side-breakfall-don-t-fall-like-a-lkw9sj9v2ti,local_self_canonical,yes,no,2,/videos/kids-adults-bjj-class-snap-downs-loop-choke-seatbelt-back-pksqic7garu|/videos/kids-bjj-safety-class-side-breakfalls-grip-breaks-recovery-y1lu5dhnqak,fail
https://senseisandy.com/videos/kids-bjj-safety-class-side-breakfall-dont-fall-lkw9sj9v2ti,local_self_canonical,yes,yes,5,/bjj-videos|/videos/kids|/videos/kids-adults-bjj-class-snap-downs-loop-choke-pksqic7garu|/videos/kids-bjj-safety-class-side-breakfalls-grip-breaks-y1lu5dhnqak|/videos/self-defense,pass
https://senseisandy.com/videos/kids-bjj-safety-class-side-breakfalls-grip-breaks-recovery-drills-retention-games-y1lu5dHnQak,local_self_canonical,yes,no,4,/videos/brazilian-jiu-jitsu-beginner-intro-wednesday-no-gi-RWEVpph8AeI|/videos/kids-bjj-safety-class-side-breakfall-don-t-fall-like-a-banana-stability-ball-wrestling-lkW9SJ9v2TI|/videos/kids-teens-and-adult-brazilian-jiu-jitsu-friday-night-in-tannersville-ny-fMJTbQBn3fg|/videos/rear-naked-choke-mata-le-o-details-guard-retention-basics-beginner-bjj-class-BeINaONoezg,fail
https://senseisandy.com/videos/kids-bjj-safety-class-side-breakfalls-grip-breaks-recovery-y1lu5dhnqak,local_self_canonical,yes,no,3,/videos/kids-bjj-safety-class-side-breakfall-don-t-fall-like-a-lkw9sj9v2ti|/videos/kids-teens-and-adult-brazilian-jiu-jitsu-friday-night-in-fmjtbqbn3fg|/videos/rear-naked-choke-mata-le-o-details-guard-retention-basics-beinaonoezg,fail
https://senseisandy.com/videos/kids-bjj-safety-class-side-breakfalls-grip-breaks-y1lu5dhnqak,local_self_canonical,yes,yes,7,/bjj-videos|/videos/brazilian-jiu-jitsu-beginner-intro-wednesday-no-gi-rwevpph8aei|/videos/kids|/videos/kids-bjj-safety-class-side-breakfall-dont-fall-lkw9sj9v2ti|/videos/kids-teens-adult-brazilian-jiu-jitsu-friday-night-fmjtbqbn3fg|/videos/rear-naked-choke-mata-leao-details-guard-retention-beinaonoezg,pass
https://senseisandy.com/videos/kids-bjj-safety-skills-hair-pull-escape-grip-break-game-balance-wars-gi-folding-EeNqfgRycfE,local_self_canonical,yes,no,2,/videos/4pm-kid-takedowns-in-tannersville-IsRHsAKxmCo|/videos/kids-adults-bjj-class-breakfalls-grip-breaking-pogo-stick-pass-takedown-cross-body-pin-uk16CCtsKk8,fail
https://senseisandy.com/videos/kids-bjj-safety-skills-hair-pull-escape-grip-break-game-eenqfgrycfe,local_self_canonical,yes,no,2,/videos/4pm-kid-takedowns-in-tannersville-isrhsakxmco|/videos/kids-adults-bjj-class-breakfalls-grip-breaking-pogo-stick-uk16cctskk8,fail
https://senseisandy.com/videos/kids-bjj-safety-skills-hair-pull-escape-grip-eenqfgrycfe,local_self_canonical,yes,yes,6,/bjj-videos|/videos/4pm-kid-takedowns-tannersville-isrhsakxmco|/videos/escapes|/videos/kids|/videos/kids-adults-bjj-class-breakfalls-grip-breaking-pogo-uk16cctskk8|/videos/self-defense,pass
https://senseisandy.com/videos/kids-brazilian-jiu-jitsu-thursday-D-X1qvoLp_A,local_self_canonical,yes,no,0,,fail
https://senseisandy.com/videos/kids-self-defense-brazilian-jiu-jitsu-kingston-ny-6SWUFme4fb0,local_self_canonical,yes,no,0,,fail
https://senseisandy.com/videos/kids-teens-adult-brazilian-jiu-jitsu-friday-night-fmjtbqbn3fg,local_self_canonical,yes,yes,9,/bjj-videos|/videos/brazilian-jiu-jitsu-beginner-intro-wednesday-no-gi-rwevpph8aei|/videos/friday-tannersville-kids-bjj-qf48jtbhjug|/videos/kids|/videos/kids-adults-bjj-class-breakfalls-grip-breaking-pogo-uk16cctskk8|/videos/kids-bjj-safety-class-side-breakfall-dont-fall-lkw9sj9v2ti,pass
https://senseisandy.com/videos/kids-teens-and-adult-brazilian-jiu-jitsu-friday-night-in-fmjtbqbn3fg,local_self_canonical,yes,no,6,/videos/4pm-kids-5k-un3myncu|/videos/kids-adults-bjj-class-breakfalls-grip-breaking-pogo-stick-uk16cctskk8|/videos/kids-bjj-safety-class-side-breakfall-don-t-fall-like-a-lkw9sj9v2ti|/videos/kids-bjj-safety-class-side-breakfalls-grip-breaks-recovery-y1lu5dhnqak|/videos/rear-bear-hug-rear-body-lock-defense-seatbelt-back-control-wswxnsiavuu|/videos/rear-naked-choke-mata-le-o-details-guard-retention-basics-beinaonoezg,fail
https://senseisandy.com/videos/kids-teens-and-adult-brazilian-jiu-jitsu-friday-night-in-tannersville-ny-fMJTbQBn3fg,local_self_canonical,yes,no,8,/videos/4pm-kids-5K-uN3MYncU|/videos/brazilian-jiu-jitsu-beginner-intro-wednesday-no-gi-RWEVpph8AeI|/videos/friday-tannersville-kids-bjj-qf48JtbhJug|/videos/kids-adults-bjj-class-breakfalls-grip-breaking-pogo-stick-pass-takedown-cross-body-pin-uk16CCtsKk8|/videos/kids-bjj-safety-class-side-breakfall-don-t-fall-like-a-banana-stability-ball-wrestling-lkW9SJ9v2TI|/videos/kids-bjj-safety-class-side-breakfalls-grip-breaks-recovery-drills-retention-games-y1lu5dHnQak,fail
https://senseisandy.com/videos/knee-pick-takedown-leg-drag-pass-north-south-choke-kinking-gts61f1ad9o,local_self_canonical,yes,no,21,/videos/25-for-2025-mzi3kdzmau8|/videos/4pm-class-5wxyfr6f2yc|/videos/4pm-kid-takedowns-in-tannersville-isrhsakxmco|/videos/6-pm-bjj-class-preview-session-1-l5hh632g2h4|/videos/6-pm-bjj-class-preview-session-2-lqtzpvkiw7y|/videos/6pm-adults-ns5gbmsjw9i,fail
https://senseisandy.com/videos/knee-pick-takedown-leg-drag-pass-north-south-choke-kinking-the-hose-bjj-class-gtS61f1Ad9o,local_self_canonical,yes,no,26,/videos/25-for-2025-MZI3kDzmaU8|/videos/4pm-class-5wXyFR6f2yc|/videos/4pm-kid-takedowns-in-tannersville-IsRHsAKxmCo|/videos/6pm-adults-NS5gBmsJW9I|/videos/angle-b-cows-sharks-and-bears-oh-my-in-tannersville-brazilian-jiu-jitsu-class-TIparvZ3974|/videos/bjj-class-breakdown-bed-sheet-takedown-bridge-and-roll-mount-escape-shin-ride-crackdown-CxcAeOXc1E4,fail
https://senseisandy.com/videos/knee-pick-takedown-leg-drag-pass-north-south-gts61f1ad9o,local_self_canonical,yes,yes,24,/bjj-videos|/videos/25-2025-mzi3kdzmau8|/videos/4pm-kid-takedowns-tannersville-isrhsakxmco|/videos/adults|/videos/angle-b-cows-sharks-bears-oh-my-tannersville-tiparvz3974|/videos/bjj-class-breakdown-bed-sheet-takedown-bridge-roll-cxcaeoxc1e4,pass
https://senseisandy.com/videos/live-sparring-bulldog-hangman-choke-finish-north-south-jrscqotsl0k,local_self_canonical,yes,yes,6,/bjj-videos|/videos/adults|/videos/hip-bump-sweep-cross-collar-choke-mount-detail-feorkwvxnre|/videos/hip-bump-sweep-cross-collar-choke-mount-detail-spiderweb-feorkwvxnre|/videos/monday-tannersville-jiu-jitsu-vpcr667cyag|/videos/submissions,pass
https://senseisandy.com/videos/live-sparring-bulldog-hangman-choke-finish-north-south-pressure-bjj-mindset-talk-jrsCqOtsL0k,local_self_canonical,yes,no,2,/videos/hip-bump-sweep-cross-collar-choke-mount-detail-spiderweb-armbar-bjj-class-breakdown-FeorkwVXnrE|/videos/monday-tannersville-jiu-jitsu-vPCr667CyAg,fail
https://senseisandy.com/videos/magic-moves-cow-tipping-and-shark-attacks-on-a-tuesday-in-tannersville-Ioek3l5oqhY,local_self_canonical,yes,no,0,,fail
https://senseisandy.com/videos/monday-tannersville-jiu-jitsu-vPCr667CyAg,local_self_canonical,yes,no,2,/videos/live-sparring-bulldog-hangman-choke-finish-north-south-pressure-bjj-mindset-talk-jrsCqOtsL0k|/videos/tuesday-tannersville-brazilian-jiu-jitsu-xXScA476zuE,fail
https://senseisandy.com/videos/monday-tannersville-jiu-jitsu-vpcr667cyag,local_self_canonical,yes,yes,5,/bjj-videos|/videos/adults|/videos/live-sparring-bulldog-hangman-choke-finish-north-south-jrscqotsl0k|/videos/submissions|/videos/tuesday-tannersville-brazilian-jiu-jitsu-xxsca476zue,pass
https://senseisandy.com/videos/peterson-roll-escape-paint-brush-choke-reverse-power-nelson-bjj-class-breakdown-PtRaLTY9r64,local_self_canonical,yes,no,24,/videos/25-for-2025-MZI3kDzmaU8|/videos/4pm-class-5wXyFR6f2yc|/videos/5pm-teens-Jmr7M3E5CoM|/videos/6pm-adults-NS5gBmsJW9I|/videos/angle-b-cows-sharks-and-bears-oh-my-in-tannersville-brazilian-jiu-jitsu-class-TIparvZ3974|/videos/bjj-front-headlock-fundamentals-chin-strap-guillotine-finish-shoulder-pressure-escape-PAodMOpIVNk,fail
https://senseisandy.com/videos/peterson-roll-escape-paint-brush-choke-reverse-power-ptralty9r64,local_self_canonical,yes,yes,38,/bjj-videos|/videos/25-2025-mzi3kdzmau8|/videos/25-for-2025-mzi3kdzmau8|/videos/4pm-class-5wxyfr6f2yc|/videos/5pm-teens-jmr7m3e5com|/videos/6-pm-bjj-class-preview-session-1-l5hh632g2h4,pass
https://senseisandy.com/videos/positioning,local_self_canonical,yes,yes,12,/bjj-videos|/videos/adults|/videos/breakfalls|/videos/escapes|/videos/guard-passing|/videos/kids,pass
https://senseisandy.com/videos/private-video-VXzRG-G8rtU,local_self_canonical,yes,no,2,/videos/25-for-2025-MZI3kDzmaU8|/videos/rear-bear-hug-rear-body-lock-defense-seatbelt-back-control-grip-breaks-sparring-rules-WsWXnsiAvUU,fail
https://senseisandy.com/videos/private-video-vxzrg-g8rtu,local_self_canonical,yes,no,2,/videos/25-for-2025-mzi3kdzmau8|/videos/rear-bear-hug-rear-body-lock-defense-seatbelt-back-control-wswxnsiavuu,fail
https://senseisandy.com/videos/rear-bear-hug-body-lock-defense-seatbelt-back-wswxnsiavuu,local_self_canonical,yes,yes,6,/bjj-videos|/videos/25-2025-mzi3kdzmau8|/videos/adults|/videos/bjj-front-headlock-fundamentals-chin-strap-guillotine-finish-paodmopivnk|/videos/positioning|/videos/self-defense,pass
https://senseisandy.com/videos/rear-bear-hug-rear-body-lock-defense-seatbelt-back-control-grip-breaks-sparring-rules-WsWXnsiAvUU,local_self_canonical,yes,no,2,/videos/games-loRFy-ndeNk|/videos/private-video-VXzRG-G8rtU,fail
https://senseisandy.com/videos/rear-bear-hug-rear-body-lock-defense-seatbelt-back-control-wswxnsiavuu,local_self_canonical,yes,no,2,/videos/games-lorfy-ndenk|/videos/private-video-vxzrg-g8rtu,fail
https://senseisandy.com/videos/rear-naked-choke-mata-le-o-details-guard-retention-basics-beginner-bjj-class-BeINaONoezg,local_self_canonical,yes,no,8,/videos/4pm-kids-5K-uN3MYncU|/videos/brazilian-jiu-jitsu-beginner-intro-wednesday-no-gi-RWEVpph8AeI|/videos/cow-tip-takedown-chest-to-chest-control-plus-50-50-escape-game-bjj-class-rr8NoQAaumU|/videos/friday-tannersville-kids-bjj-qf48JtbhJug|/videos/kids-bjj-safety-class-side-breakfall-don-t-fall-like-a-banana-stability-ball-wrestling-lkW9SJ9v2TI|/videos/kids-bjj-safety-class-side-breakfalls-grip-breaks-recovery-drills-retention-games-y1lu5dHnQak,fail
https://senseisandy.com/videos/rear-naked-choke-mata-le-o-details-guard-retention-basics-beinaonoezg,local_self_canonical,yes,no,6,/videos/4pm-kids-5k-un3myncu|/videos/cow-tip-takedown-chest-to-chest-control-plus-50-50-escape-rr8noqaaumu|/videos/kids-bjj-safety-class-side-breakfall-don-t-fall-like-a-lkw9sj9v2ti|/videos/kids-bjj-safety-class-side-breakfalls-grip-breaks-recovery-y1lu5dhnqak|/videos/kids-teens-and-adult-brazilian-jiu-jitsu-friday-night-in-fmjtbqbn3fg|/videos/rear-bear-hug-rear-body-lock-defense-seatbelt-back-control-wswxnsiavuu,fail
https://senseisandy.com/videos/rear-naked-choke-mata-leao-details-guard-retention-beinaonoezg,local_self_canonical,yes,yes,9,/bjj-videos|/videos/adults|/videos/brazilian-jiu-jitsu-beginner-intro-wednesday-no-gi-rwevpph8aei|/videos/cow-tip-takedown-chest-control-plus-50-escape-rr8noqaaumu|/videos/friday-tannersville-kids-bjj-qf48jtbhjug|/videos/kids-bjj-safety-class-side-breakfall-dont-fall-lkw9sj9v2ti,pass
https://senseisandy.com/videos/rear-naked-choke-rnc-mount-escape-spiderweb-armbar-bjj-class-breakdown-P8UneaZvoWk,local_self_canonical,yes,no,7,/videos/5pm-teens-Jmr7M3E5CoM|/videos/bjj-front-headlock-fundamentals-chin-strap-guillotine-finish-shoulder-pressure-escape-PAodMOpIVNk|/videos/bjj-pressure-concepts-paint-brush-elbow-chest-compression-north-south-control-kcbwC0dJXP4|/videos/front-headlock-escapes-spinning-turtle-rear-body-lock-escapes-50-50-safety-drills-bjj-class-s7jVPeRXqrg|/videos/high-elbow-guillotine-front-headlock-control-bjj-class-games-sparring-deep-dive-N0S6-u9KmHg|/videos/kids-bjj-safety-skills-hair-pull-escape-grip-break-game-balance-wars-gi-folding-EeNqfgRycfE,fail
https://senseisandy.com/videos/rear-naked-choke-rnc-mount-escape-spiderweb-armbar-bjj-p8uneazvowk,local_self_canonical,yes,no,3,/videos/5pm-teens-jmr7m3e5com|/videos/bjj-front-headlock-fundamentals-chin-strap-guillotine-paodmopivnk|/videos/kids-bjj-safety-skills-hair-pull-escape-grip-break-game-eenqfgrycfe,fail
https://senseisandy.com/videos/rear-naked-choke-rnc-mount-escape-spiderweb-armbar-p8uneazvowk,local_self_canonical,yes,yes,12,/bjj-videos|/videos/adults|/videos/bjj-front-headlock-fundamentals-chin-strap-guillotine-finish-paodmopivnk|/videos/bjj-pressure-concepts-paint-brush-elbow-chest-compression-kcbwc0djxp4|/videos/escapes|/videos/front-headlock-escapes-spinning-turtle-rear-body-lock-s7jvperxqrg,pass
https://senseisandy.com/videos/safe-stand-ups-knee-pick-bulldog-front-headlock-b8x5bi-3thu,local_self_canonical,yes,yes,13,/bjj-videos|/videos/4pm-kid-takedowns-tannersville-isrhsakxmco|/videos/adults|/videos/bjj-class-breakdown-bed-sheet-takedown-bridge-roll-cxcaeoxc1e4|/videos/bjj-pressure-concepts-paint-brush-elbow-chest-compression-kcbwc0djxp4|/videos/breakfalls-beginners-3-safe-get-ups-arm-triangle-ioek3l5oqhy,pass
https://senseisandy.com/videos/safe-stand-ups-knee-pick-bulldog-front-headlock-north-b8x5bi-3thu,local_self_canonical,yes,no,8,/videos/4pm-kid-takedowns-in-tannersville-isrhsakxmco|/videos/bjj-class-breakdown-bed-sheet-takedown-bridge-and-roll-cxcaeoxc1e4|/videos/breakfalls-for-beginners-3-safe-get-ups-arm-triangle-ioek3l5oqhy|/videos/hair-grab-self-defense-duck-and-hug-takedown-mount-escape-db1lfepopv4|/videos/kids-adults-bjj-class-snap-downs-loop-choke-seatbelt-back-pksqic7garu|/videos/knee-pick-takedown-leg-drag-pass-north-south-choke-kinking-gts61f1ad9o,fail
https://senseisandy.com/videos/safe-stand-ups-knee-pick-bulldog-front-headlock-north-south-choke-bjj-class-B8X5bI-3THU,local_self_canonical,yes,no,9,/videos/4pm-kid-takedowns-in-tannersville-IsRHsAKxmCo|/videos/bjj-class-breakdown-bed-sheet-takedown-bridge-and-roll-mount-escape-shin-ride-crackdown-CxcAeOXc1E4|/videos/bjj-pressure-concepts-paint-brush-elbow-chest-compression-north-south-control-kcbwC0dJXP4|/videos/breakfalls-for-beginners-3-safe-get-ups-arm-triangle-finish-bjj-class-games-Ioek3l5oqhY|/videos/hair-grab-self-defense-duck-and-hug-takedown-mount-escape-youth-adult-bjj-class-db1LFEPOPv4|/videos/kids-adults-bjj-class-snap-downs-loop-choke-seatbelt-back-control-closed-guard-live-rounds-PksQic7GArU,fail
https://senseisandy.com/videos/safe-tai-otoshi-rear-body-lock-defense-youth-handcuff-ride-n-yodtnn8f8,local_self_canonical,yes,no,5,/videos/25-for-2025-mzi3kdzmau8|/videos/kids-adults-bjj-class-snap-downs-loop-choke-seatbelt-back-pksqic7garu|/videos/knee-pick-takedown-leg-drag-pass-north-south-choke-kinking-gts61f1ad9o|/videos/safe-stand-ups-knee-pick-bulldog-front-headlock-north-b8x5bi-3thu|/videos/single-leg-takedown-mount-escape-kimura-from-back-control-oqcvatfqorc,fail
https://senseisandy.com/videos/safe-tai-otoshi-rear-body-lock-defense-youth-handcuff-ride-passing-cheat-code-adults-N-YODTNN8F8,local_self_canonical,yes,no,5,/videos/25-for-2025-MZI3kDzmaU8|/videos/kids-adults-bjj-class-snap-downs-loop-choke-seatbelt-back-control-closed-guard-live-rounds-PksQic7GArU|/videos/knee-pick-takedown-leg-drag-pass-north-south-choke-kinking-the-hose-bjj-class-gtS61f1Ad9o|/videos/safe-stand-ups-knee-pick-bulldog-front-headlock-north-south-choke-bjj-class-B8X5bI-3THU|/videos/single-leg-takedown-mount-escape-kimura-from-back-control-youth-adult-bjj-class-OQcvaTFQoRc,fail
https://senseisandy.com/videos/safe-tai-otoshi-rear-body-lock-defense-youth-n-yodtnn8f8,local_self_canonical,yes,yes,10,/bjj-videos|/videos/25-2025-mzi3kdzmau8|/videos/adults|/videos/guard-passing|/videos/kids-adults-bjj-class-snap-downs-loop-choke-pksqic7garu|/videos/knee-pick-takedown-leg-drag-pass-north-south-gts61f1ad9o,pass
https://senseisandy.com/videos/self-defense,local+self_sitemap,yes,yes,30,/videos/4pm-kids-5K-uN3MYncU|/videos/4pm-kids-5k-un3myncu|/videos/adults|/videos/brazilian-jiu-jitsu-beginner-intro-wednesday-no-gi-RWEVpph8AeI|/videos/brazilian-jiu-jitsu-beginner-intro-wednesday-no-gi-rwevpph8aei|/videos/breakfalls,pass
https://senseisandy.com/videos/shoulder-hold-saturday-no-gi-brazilian-jiu-jitsu-in-kingston-W63Qn5XsFg8,local_self_canonical,yes,no,0,,fail
https://senseisandy.com/videos/single-leg-takedown-mount-escape-kimura-back-control-oqcvatfqorc,local_self_canonical,yes,yes,8,/bjj-videos|/videos/adults|/videos/escapes|/videos/hair-grab-self-defense-duck-hug-takedown-mount-db1lfepopv4|/videos/positioning|/videos/safe-tai-otoshi-rear-body-lock-defense-youth-n-yodtnn8f8,pass
https://senseisandy.com/videos/single-leg-takedown-mount-escape-kimura-from-back-control-oqcvatfqorc,local_self_canonical,yes,no,2,/videos/hair-grab-self-defense-duck-and-hug-takedown-mount-escape-db1lfepopv4|/videos/safe-tai-otoshi-rear-body-lock-defense-youth-handcuff-ride-n-yodtnn8f8,fail
https://senseisandy.com/videos/single-leg-takedown-mount-escape-kimura-from-back-control-youth-adult-bjj-class-OQcvaTFQoRc,local_self_canonical,yes,no,2,/videos/hair-grab-self-defense-duck-and-hug-takedown-mount-escape-youth-adult-bjj-class-db1LFEPOPv4|/videos/safe-tai-otoshi-rear-body-lock-defense-youth-handcuff-ride-passing-cheat-code-adults-N-YODTNN8F8,fail
https://senseisandy.com/videos/spar-3cD3E6czrXU,local_self_canonical,yes,no,0,,fail
https://senseisandy.com/videos/submissions,local+self_sitemap,yes,yes,53,/bjj-videos|/videos/25-2025-mzi3kdzmau8|/videos/25-for-2025-MZI3kDzmaU8|/videos/25-for-2025-mzi3kdzmau8|/videos/4pm-class-5wXyFR6f2yc|/videos/4pm-class-5wxyfr6f2yc,pass
https://senseisandy.com/videos/takedowns,local+self_sitemap,yes,yes,35,/bjj-videos|/videos/4pm-kid-takedowns-in-tannersville-IsRHsAKxmCo|/videos/4pm-kid-takedowns-in-tannersville-isrhsakxmco|/videos/4pm-kid-takedowns-tannersville-isrhsakxmco|/videos/adults|/videos/bjj-class-breakdown-bed-sheet-takedown-bridge-and-roll-cxcaeoxc1e4,pass
https://senseisandy.com/videos/teens,local+self_sitemap,yes,yes,25,/bjj-videos|/partials/video-featured-adults|/partials/video-featured-home|/partials/video-featured-kids|/partials/video-featured-programs|/partials/video-featured-schedule,pass
https://senseisandy.com/videos/teens-brazilian-jiu-jitsu-chokes-self-defense-LFeW-qWwdgQ,local_self_canonical,yes,no,10,/videos/4pm-kids-5K-uN3MYncU|/videos/5pm-teens-Jmr7M3E5CoM|/videos/brazilian-jiu-jitsu-beginner-intro-wednesday-no-gi-RWEVpph8AeI|/videos/brazilian-jiu-jitsu-teens-wednesday-no-gi-EtZMjYZFgKk|/videos/friday-tannersville-kids-bjj-qf48JtbhJug|/videos/kids-bjj-safety-class-side-breakfall-don-t-fall-like-a-banana-stability-ball-wrestling-lkW9SJ9v2TI,fail
https://senseisandy.com/videos/teens-brazilian-jiu-jitsu-chokes-self-defense-LFeW_qWwdgQ,local_self_canonical,yes,no,0,,fail
https://senseisandy.com/videos/teens-brazilian-jiu-jitsu-chokes-self-defense-lfew-qwwdgq,local_self_canonical,yes,yes,18,/bjj-videos|/videos/4pm-kids-5k-un3myncu|/videos/5pm-teens-jmr7m3e5com|/videos/brazilian-jiu-jitsu-beginner-intro-wednesday-no-gi-rwevpph8aei|/videos/brazilian-jiu-jitsu-teens-wednesday-no-gi-etzmjyzfgkk|/videos/friday-tannersville-kids-bjj-qf48jtbhjug,pass
https://senseisandy.com/videos/tuesday-tannersville-brazilian-jiu-jitsu-xXScA476zuE,local_self_canonical,yes,no,2,/videos/cow-tip-takedown-chest-to-chest-control-plus-50-50-escape-game-bjj-class-rr8NoQAaumU|/videos/monday-tannersville-jiu-jitsu-vPCr667CyAg,fail
https://senseisandy.com/videos/tuesday-tannersville-brazilian-jiu-jitsu-xxsca476zue,local_self_canonical,yes,yes,6,/bjj-videos|/videos/adults|/videos/cow-tip-takedown-chest-control-plus-50-escape-rr8noqaaumu|/videos/cow-tip-takedown-chest-to-chest-control-plus-50-50-escape-rr8noqaaumu|/videos/monday-tannersville-jiu-jitsu-vpcr667cyag|/videos/submissions,pass
https://senseisandy.com/videos/wednesday-GFcByYHrou4,local_self_canonical,yes,no,2,/videos/4pm-class-5wXyFR6f2yc|/videos/friday-tIcb1N-nMgc,fail
https://senseisandy.com/videos/wednesday-gfcbyyhrou4,local_self_canonical,yes,no,2,/videos/4pm-class-5wxyfr6f2yc|/videos/friday-ticb1n-nmgc,fail
https://senseisandy.com/waiver,local+self_sitemap,yes,yes,19,/cairo-ny-jiu-jitsu|/catskill-ny-jiu-jitsu|/hunter-ny-jiu-jitsu|/near/elka-park-ny|/near/esopus-creek-phoenicia|/near/hunter-mountain,pass
